DSType;numPoints;numColors;gamma;alpha;r;k;rangeSpace;rangeBuildTime;rangeQueryTime;modeSpace;modeBuildTime;modeQueryTime
RustDSType::Trivial;6223;17;0;0;18.3936;5;2589745;16179700;18084;448224;662400;4823
RustDSType::Trivial;6223;17;0;0;18.3936;10;2589745;16179700;26854;448224;662400;9586
RustDSType::Trivial;6223;17;0;0;18.3936;50;2589745;16179700;18345;448224;662400;16507
RustDSType::Trivial;6223;17;0;0;18.3936;100;2589745;16179700;22775;448224;662400;27824
RustDSType::Trivial;6223;17;0;0;18.3936;500;2589745;16179700;21496;448224;662400;31139
RustDSType::Trivial;6223;17;0;0;18.3936;1000;2589745;16179700;21789;448224;662400;44292
RustDSType::Trivial;6223;17;0;0;18.3936;5000;2589745;16179700;23490;448224;662400;92172
RustDSType::Trivial;6277;18;0;0;18.4466;5;2614261;17885500;18708;452112;762200;4952
RustDSType::Trivial;6277;18;0;0;18.4466;10;2614261;17885500;20917;452112;762200;10703
RustDSType::Trivial;6277;18;0;0;18.4466;50;2614261;17885500;18276;452112;762200;15742
RustDSType::Trivial;6277;18;0;0;18.4466;100;2614261;17885500;23406;452112;762200;25216
RustDSType::Trivial;6277;18;0;0;18.4466;500;2614261;17885500;20967;452112;762200;31296
RustDSType::Trivial;6277;18;0;0;18.4466;1000;2614261;17885500;21035;452112;762200;48202
RustDSType::Trivial;6277;18;0;0;18.4466;5000;2614261;17885500;24069;452112;762200;100790
RustDSType::Trivial;6274;17;0;0;18.4437;5;2612461;17782000;26633;451896;880900;7136
RustDSType::Trivial;6274;17;0;0;18.4437;10;2612461;17782000;24276;451896;880900;12628
RustDSType::Trivial;6274;17;0;0;18.4437;50;2612461;17782000;23364;451896;880900;22581
RustDSType::Trivial;6274;17;0;0;18.4437;100;2612461;17782000;30085;451896;880900;26967
RustDSType::Trivial;6274;17;0;0;18.4437;500;2612461;17782000;33869;451896;880900;52512
RustDSType::Trivial;6274;17;0;0;18.4437;1000;2612461;17782000;37078;451896;880900;65168
RustDSType::Trivial;6274;17;0;0;18.4437;5000;2612461;17782000;34411;451896;880900;133173
RustDSType::Trivial;6300;17;0;0;18.4691;5;2624265;29134100;25488;453768;1149400;6109
RustDSType::Trivial;6300;17;0;0;18.4691;10;2624265;29134100;29716;453768;1149400;12064
RustDSType::Trivial;6300;17;0;0;18.4691;50;2624265;29134100;24020;453768;1149400;20611
RustDSType::Trivial;6300;17;0;0;18.4691;100;2624265;29134100;24859;453768;1149400;30864
RustDSType::Trivial;6300;17;0;0;18.4691;500;2624265;29134100;32164;453768;1149400;36740
RustDSType::Trivial;6300;17;0;0;18.4691;1000;2624265;29134100;32363;453768;1149400;66125
RustDSType::Trivial;6300;17;0;0;18.4691;5000;2624265;29134100;37191;453768;1149400;126824
RustDSType::Trivial;6276;19;0;0;18.4457;5;2612931;25192300;27394;452040;1173000;6735
RustDSType::Trivial;6276;19;0;0;18.4457;10;2612931;25192300;28170;452040;1173000;16332
RustDSType::Trivial;6276;19;0;0;18.4457;50;2612931;25192300;32762;452040;1173000;19615
RustDSType::Trivial;6276;19;0;0;18.4457;100;2612931;25192300;24216;452040;1173000;34503
RustDSType::Trivial;6276;19;0;0;18.4457;500;2612931;25192300;38717;452040;1173000;35263
RustDSType::Trivial;6276;19;0;0;18.4457;1000;2612931;25192300;24751;452040;1173000;71235
RustDSType::Trivial;6276;19;0;0;18.4457;5000;2612931;25192300;37985;452040;1173000;207343
RustDSType::Trivial;6273;18;0;0;18.4427;5;2612007;63759600;64746;451824;2139500;14104
RustDSType::Trivial;6273;18;0;0;18.4427;10;2612007;63759600;54686;451824;2139500;30291
RustDSType::Trivial;6273;18;0;0;18.4427;50;2612007;63759600;66405;451824;2139500;47495
RustDSType::Trivial;6273;18;0;0;18.4427;100;2612007;63759600;66384;451824;2139500;66153
RustDSType::Trivial;6273;18;0;0;18.4427;500;2612007;63759600;71125;451824;2139500;95901
RustDSType::Trivial;6273;18;0;0;18.4427;1000;2612007;63759600;78099;451824;2139500;123824
RustDSType::Trivial;6273;18;0;0;18.4427;5000;2612007;63759600;77198;451824;2139500;253894
RustDSType::Trivial;6274;17;0;0;18.4437;5;2612023;49307400;41315;451896;1884600;12677
RustDSType::Trivial;6274;17;0;0;18.4437;10;2612023;49307400;37650;451896;1884600;24208
RustDSType::Trivial;6274;17;0;0;18.4437;50;2612023;49307400;46905;451896;1884600;35518
RustDSType::Trivial;6274;17;0;0;18.4437;100;2612023;49307400;45006;451896;1884600;50257
RustDSType::Trivial;6274;17;0;0;18.4437;500;2612023;49307400;40448;451896;1884600;66876
RustDSType::Trivial;6274;17;0;0;18.4437;1000;2612023;49307400;47985;451896;1884600;102739
RustDSType::Trivial;6274;17;0;0;18.4437;5000;2612023;49307400;47673;451896;1884600;213973
RustDSType::Trivial;6278;19;0;0;18.4476;5;2613839;33688800;38627;452184;1374300;12401
RustDSType::Trivial;6278;19;0;0;18.4476;10;2613839;33688800;40029;452184;1374300;23283
RustDSType::Trivial;6278;19;0;0;18.4476;50;2613839;33688800;65226;452184;1374300;49948
RustDSType::Trivial;6278;19;0;0;18.4476;100;2613839;33688800;74040;452184;1374300;76502
RustDSType::Trivial;6278;19;0;0;18.4476;500;2613839;33688800;76879;452184;1374300;110924
RustDSType::Trivial;6278;19;0;0;18.4476;1000;2613839;33688800;75716;452184;1374300;135586
RustDSType::Trivial;6278;19;0;0;18.4476;5000;2613839;33688800;63034;452184;1374300;278840
RustDSType::Trivial;6271;18;0;0;18.4408;5;2610223;57314500;65357;451680;1815000;15762
RustDSType::Trivial;6271;18;0;0;18.4408;10;2610223;57314500;55556;451680;1815000;25638
RustDSType::Trivial;6271;18;0;0;18.4408;50;2610223;57314500;62662;451680;1815000;44205
RustDSType::Trivial;6271;18;0;0;18.4408;100;2610223;57314500;48757;451680;1815000;54968
RustDSType::Trivial;6271;18;0;0;18.4408;500;2610223;57314500;61636;451680;1815000;93575
RustDSType::Trivial;6271;18;0;0;18.4408;1000;2610223;57314500;64920;451680;1815000;127705
RustDSType::Trivial;6271;18;0;0;18.4408;5000;2610223;57314500;54278;451680;1815000;275908
RustDSType::Trivial;6218;18;0;0;18.3887;5;2587475;57869600;58890;447864;2040100;17489
RustDSType::Trivial;6218;18;0;0;18.3887;10;2587475;57869600;59251;447864;2040100;30797
RustDSType::Trivial;6218;18;0;0;18.3887;50;2587475;57869600;58728;447864;2040100;47697
RustDSType::Trivial;6218;18;0;0;18.3887;100;2587475;57869600;68823;447864;2040100;69853
RustDSType::Trivial;6218;18;0;0;18.3887;500;2587475;57869600;80348;447864;2040100;105215
RustDSType::Trivial;6218;18;0;0;18.3887;1000;2587475;57869600;78594;447864;2040100;147465
RustDSType::Trivial;6218;18;0;0;18.3887;5000;2587475;57869600;90505;447864;2040100;262193
RustDSType::RustRangeTree;6223;17;0;0;18.3936;5;2589745;58249300;63739;3322496;17056600;1885
RustDSType::RustRangeTree;6223;17;0;0;18.3936;10;2589745;58249300;67945;3322496;17056600;2838
RustDSType::RustRangeTree;6223;17;0;0;18.3936;50;2589745;58249300;74456;3322496;17056600;11678
RustDSType::RustRangeTree;6223;17;0;0;18.3936;100;2589745;58249300;66546;3322496;17056600;12660
RustDSType::RustRangeTree;6223;17;0;0;18.3936;500;2589745;58249300;55990;3322496;17056600;37628
RustDSType::RustRangeTree;6223;17;0;0;18.3936;1000;2589745;58249300;67461;3322496;17056600;88393
RustDSType::RustRangeTree;6223;17;0;0;18.3936;5000;2589745;58249300;74377;3322496;17056600;285766
RustDSType::RustRangeTree;6277;18;0;0;18.4466;5;2614261;63928400;70206;3353600;16717000;1704
RustDSType::RustRangeTree;6277;18;0;0;18.4466;10;2614261;63928400;67708;3353600;16717000;4114
RustDSType::RustRangeTree;6277;18;0;0;18.4466;50;2614261;63928400;69831;3353600;16717000;8250
RustDSType::RustRangeTree;6277;18;0;0;18.4466;100;2614261;63928400;67843;3353600;16717000;16574
RustDSType::RustRangeTree;6277;18;0;0;18.4466;500;2614261;63928400;61067;3353600;16717000;42658
RustDSType::RustRangeTree;6277;18;0;0;18.4466;1000;2614261;63928400;60422;3353600;16717000;93893
RustDSType::RustRangeTree;6277;18;0;0;18.4466;5000;2614261;63928400;76921;3353600;16717000;330334
RustDSType::RustRangeTree;6274;17;0;0;18.4437;5;2612461;57279900;59763;3351872;15961300;931
RustDSType::RustRangeTree;6274;17;0;0;18.4437;10;2612461;57279900;65386;3351872;15961300;4207
RustDSType::RustRangeTree;6274;17;0;0;18.4437;50;2612461;57279900;64897;3351872;15961300;10669
RustDSType::RustRangeTree;6274;17;0;0;18.4437;100;2612461;57279900;33966;3351872;15961300;5351
RustDSType::RustRangeTree;6274;17;0;0;18.4437;500;2612461;57279900;20540;3351872;15961300;13957
RustDSType::RustRangeTree;6274;17;0;0;18.4437;1000;2612461;57279900;21639;3351872;15961300;30216
RustDSType::RustRangeTree;6274;17;0;0;18.4437;5000;2612461;57279900;25325;3351872;15961300;101738
RustDSType::RustRangeTree;6300;17;0;0;18.4691;5;2624265;17132100;17090;3366848;4680800;423
RustDSType::RustRangeTree;6300;17;0;0;18.4691;10;2624265;17132100;16927;3366848;4680800;1020
RustDSType::RustRangeTree;6300;17;0;0;18.4691;50;2624265;17132100;18344;3366848;4680800;2615
RustDSType::RustRangeTree;6300;17;0;0;18.4691;100;2624265;17132100;20093;3366848;4680800;4955
RustDSType::RustRangeTree;6300;17;0;0;18.4691;500;2624265;17132100;21934;3366848;4680800;13718
RustDSType::RustRangeTree;6300;17;0;0;18.4691;1000;2624265;17132100;22588;3366848;4680800;29739
RustDSType::RustRangeTree;6300;17;0;0;18.4691;5000;2624265;17132100;27169;3366848;4680800;110641
RustDSType::RustRangeTree;6276;19;0;0;18.4457;5;2612931;24580500;20934;3353024;8105100;530
RustDSType::RustRangeTree;6276;19;0;0;18.4457;10;2612931;24580500;19014;3353024;8105100;1167
RustDSType::RustRangeTree;6276;19;0;0;18.4457;50;2612931;24580500;19740;3353024;8105100;2603
RustDSType::RustRangeTree;6276;19;0;0;18.4457;100;2612931;24580500;21292;3353024;8105100;4812
RustDSType::RustRangeTree;6276;19;0;0;18.4457;500;2612931;24580500;20656;3353024;8105100;12805
RustDSType::RustRangeTree;6276;19;0;0;18.4457;1000;2612931;24580500;22706;3353024;8105100;31544
RustDSType::RustRangeTree;6276;19;0;0;18.4457;5000;2612931;24580500;26817;3353024;8105100;101722
RustDSType::RustRangeTree;6273;18;0;0;18.4427;5;2612007;18267200;19969;3351296;4873600;499
RustDSType::RustRangeTree;6273;18;0;0;18.4427;10;2612007;18267200;19915;3351296;4873600;1254
RustDSType::RustRangeTree;6273;18;0;0;18.4427;50;2612007;18267200;18880;3351296;4873600;2855
RustDSType::RustRangeTree;6273;18;0;0;18.4427;100;2612007;18267200;20351;3351296;4873600;5298
RustDSType::RustRangeTree;6273;18;0;0;18.4427;500;2612007;18267200;23542;3351296;4873600;14345
RustDSType::RustRangeTree;6273;18;0;0;18.4427;1000;2612007;18267200;22574;3351296;4873600;30589
RustDSType::RustRangeTree;6273;18;0;0;18.4427;5000;2612007;18267200;24286;3351296;4873600;102729
RustDSType::RustRangeTree;6274;17;0;0;18.4437;5;2612023;16993200;17973;3351872;5113700;475
RustDSType::RustRangeTree;6274;17;0;0;18.4437;10;2612023;16993200;19176;3351872;5113700;2435
RustDSType::RustRangeTree;6274;17;0;0;18.4437;50;2612023;16993200;23897;3351872;5113700;2827
RustDSType::RustRangeTree;6274;17;0;0;18.4437;100;2612023;16993200;22948;3351872;5113700;7181
RustDSType::RustRangeTree;6274;17;0;0;18.4437;500;2612023;16993200;24465;3351872;5113700;14471
RustDSType::RustRangeTree;6274;17;0;0;18.4437;1000;2612023;16993200;23634;3351872;5113700;28737
RustDSType::RustRangeTree;6274;17;0;0;18.4437;5000;2612023;16993200;30052;3351872;5113700;118700
RustDSType::RustRangeTree;6278;19;0;0;18.4476;5;2613839;19185400;20598;3354176;5748600;771
RustDSType::RustRangeTree;6278;19;0;0;18.4476;10;2613839;19185400;19839;3354176;5748600;2404
RustDSType::RustRangeTree;6278;19;0;0;18.4476;50;2613839;19185400;23345;3354176;5748600;3800
RustDSType::RustRangeTree;6278;19;0;0;18.4476;100;2613839;19185400;21587;3354176;5748600;6550
RustDSType::RustRangeTree;6278;19;0;0;18.4476;500;2613839;19185400;23898;3354176;5748600;16261
RustDSType::RustRangeTree;6278;19;0;0;18.4476;1000;2613839;19185400;25571;3354176;5748600;36673
RustDSType::RustRangeTree;6278;19;0;0;18.4476;5000;2613839;19185400;26239;3354176;5748600;112961
RustDSType::RustRangeTree;6271;18;0;0;18.4408;5;2610223;17686600;19471;3350144;5123200;529
RustDSType::RustRangeTree;6271;18;0;0;18.4408;10;2610223;17686600;19504;3350144;5123200;1276
RustDSType::RustRangeTree;6271;18;0;0;18.4408;50;2610223;17686600;20362;3350144;5123200;3031
RustDSType::RustRangeTree;6271;18;0;0;18.4408;100;2610223;17686600;21323;3350144;5123200;5321
RustDSType::RustRangeTree;6271;18;0;0;18.4408;500;2610223;17686600;22085;3350144;5123200;14652
RustDSType::RustRangeTree;6271;18;0;0;18.4408;1000;2610223;17686600;23660;3350144;5123200;31280
RustDSType::RustRangeTree;6271;18;0;0;18.4408;5000;2610223;17686600;24995;3350144;5123200;107405
RustDSType::RustRangeTree;6218;18;0;0;18.3887;5;2587475;18340700;21139;3319616;5318800;537
RustDSType::RustRangeTree;6218;18;0;0;18.3887;10;2587475;18340700;20644;3319616;5318800;1255
RustDSType::RustRangeTree;6218;18;0;0;18.3887;50;2587475;18340700;21313;3319616;5318800;3136
RustDSType::RustRangeTree;6218;18;0;0;18.3887;100;2587475;18340700;22225;3319616;5318800;5356
RustDSType::RustRangeTree;6218;18;0;0;18.3887;500;2587475;18340700;23061;3319616;5318800;14553
RustDSType::RustRangeTree;6218;18;0;0;18.3887;1000;2587475;18340700;24429;3319616;5318800;32928
RustDSType::RustRangeTree;6218;18;0;0;18.3887;5000;2587475;18340700;25092;3319616;5318800;109166
RustDSType::RustRangeTrees;6223;17;0;0;18.3936;5;2589745;20303700;21022;2722628;4907700;600
RustDSType::RustRangeTrees;6223;17;0;0;18.3936;10;2589745;20303700;19336;2722628;4907700;1210
RustDSType::RustRangeTrees;6223;17;0;0;18.3936;50;2589745;20303700;21967;2722628;4907700;2026
RustDSType::RustRangeTrees;6223;17;0;0;18.3936;100;2589745;20303700;22412;2722628;4907700;2967
RustDSType::RustRangeTrees;6223;17;0;0;18.3936;500;2589745;20303700;24240;2722628;4907700;4812
RustDSType::RustRangeTrees;6223;17;0;0;18.3936;1000;2589745;20303700;22020;2722628;4907700;7457
RustDSType::RustRangeTrees;6223;17;0;0;18.3936;5000;2589745;20303700;25396;2722628;4907700;16651
RustDSType::RustRangeTrees;6277;18;0;0;18.4466;5;2614261;18040500;21178;2706544;4839200;625
RustDSType::RustRangeTrees;6277;18;0;0;18.4466;10;2614261;18040500;19610;2706544;4839200;1240
RustDSType::RustRangeTrees;6277;18;0;0;18.4466;50;2614261;18040500;20721;2706544;4839200;2117
RustDSType::RustRangeTrees;6277;18;0;0;18.4466;100;2614261;18040500;21916;2706544;4839200;3744
RustDSType::RustRangeTrees;6277;18;0;0;18.4466;500;2614261;18040500;22038;2706544;4839200;4885
RustDSType::RustRangeTrees;6277;18;0;0;18.4466;1000;2614261;18040500;24565;2706544;4839200;7726
RustDSType::RustRangeTrees;6277;18;0;0;18.4466;5000;2614261;18040500;25260;2706544;4839200;17488
RustDSType::RustRangeTrees;6274;17;0;0;18.4437;5;2612461;18871800;19711;2762724;5015500;577
RustDSType::RustRangeTrees;6274;17;0;0;18.4437;10;2612461;18871800;19376;2762724;5015500;1206
RustDSType::RustRangeTrees;6274;17;0;0;18.4437;50;2612461;18871800;20178;2762724;5015500;2155
RustDSType::RustRangeTrees;6274;17;0;0;18.4437;100;2612461;18871800;21501;2762724;5015500;3145
RustDSType::RustRangeTrees;6274;17;0;0;18.4437;500;2612461;18871800;22615;2762724;5015500;5023
RustDSType::RustRangeTrees;6274;17;0;0;18.4437;1000;2612461;18871800;23357;2762724;5015500;7546
RustDSType::RustRangeTrees;6274;17;0;0;18.4437;5000;2612461;18871800;26597;2762724;5015500;17663
RustDSType::RustRangeTrees;6300;17;0;0;18.4691;5;2624265;18072200;21116;2754052;4781100;653
RustDSType::RustRangeTrees;6300;17;0;0;18.4691;10;2624265;18072200;20657;2754052;4781100;1278
RustDSType::RustRangeTrees;6300;17;0;0;18.4691;50;2624265;18072200;20570;2754052;4781100;2132
RustDSType::RustRangeTrees;6300;17;0;0;18.4691;100;2624265;18072200;23316;2754052;4781100;3757
RustDSType::RustRangeTrees;6300;17;0;0;18.4691;500;2624265;18072200;24290;2754052;4781100;4821
RustDSType::RustRangeTrees;6300;17;0;0;18.4691;1000;2624265;18072200;22658;2754052;4781100;7454
RustDSType::RustRangeTrees;6300;17;0;0;18.4691;5000;2624265;18072200;24049;2754052;4781100;17053
RustDSType::RustRangeTrees;6276;19;0;0;18.4457;5;2612931;18783800;21159;2727740;5463800;630
RustDSType::RustRangeTrees;6276;19;0;0;18.4457;10;2612931;18783800;19971;2727740;5463800;1262
RustDSType::RustRangeTrees;6276;19;0;0;18.4457;50;2612931;18783800;19992;2727740;5463800;2240
RustDSType::RustRangeTrees;6276;19;0;0;18.4457;100;2612931;18783800;21216;2727740;5463800;3003
RustDSType::RustRangeTrees;6276;19;0;0;18.4457;500;2612931;18783800;23180;2727740;5463800;4661
RustDSType::RustRangeTrees;6276;19;0;0;18.4457;1000;2612931;18783800;24138;2727740;5463800;7399
RustDSType::RustRangeTrees;6276;19;0;0;18.4457;5000;2612931;18783800;25665;2727740;5463800;17840
RustDSType::RustRangeTrees;6273;18;0;0;18.4427;5;2612007;17849600;20204;2735920;5023000;605
RustDSType::RustRangeTrees;6273;18;0;0;18.4427;10;2612007;17849600;19395;2735920;5023000;1290
RustDSType::RustRangeTrees;6273;18;0;0;18.4427;50;2612007;17849600;20349;2735920;5023000;2093
RustDSType::RustRangeTrees;6273;18;0;0;18.4427;100;2612007;17849600;21237;2735920;5023000;3044
RustDSType::RustRangeTrees;6273;18;0;0;18.4427;500;2612007;17849600;21939;2735920;5023000;4941
RustDSType::RustRangeTrees;6273;18;0;0;18.4427;1000;2612007;17849600;23701;2735920;5023000;7899
RustDSType::RustRangeTrees;6273;18;0;0;18.4427;5000;2612007;17849600;26729;2735920;5023000;18731
RustDSType::RustRangeTrees;6274;17;0;0;18.4437;5;2612023;18767200;22518;2750276;5140800;624
RustDSType::RustRangeTrees;6274;17;0;0;18.4437;10;2612023;18767200;20070;2750276;5140800;1251
RustDSType::RustRangeTrees;6274;17;0;0;18.4437;50;2612023;18767200;21623;2750276;5140800;2149
RustDSType::RustRangeTrees;6274;17;0;0;18.4437;100;2612023;18767200;22420;2750276;5140800;3138
RustDSType::RustRangeTrees;6274;17;0;0;18.4437;500;2612023;18767200;22279;2750276;5140800;4689
RustDSType::RustRangeTrees;6274;17;0;0;18.4437;1000;2612023;18767200;23009;2750276;5140800;8467
RustDSType::RustRangeTrees;6274;17;0;0;18.4437;5000;2612023;18767200;26101;2750276;5140800;16568
RustDSType::RustRangeTrees;6278;19;0;0;18.4476;5;2613839;17604700;19920;2770460;4571700;651
RustDSType::RustRangeTrees;6278;19;0;0;18.4476;10;2613839;17604700;19823;2770460;4571700;1352
RustDSType::RustRangeTrees;6278;19;0;0;18.4476;50;2613839;17604700;20110;2770460;4571700;2128
RustDSType::RustRangeTrees;6278;19;0;0;18.4476;100;2613839;17604700;21332;2770460;4571700;3056
RustDSType::RustRangeTrees;6278;19;0;0;18.4476;500;2613839;17604700;22004;2770460;4571700;4754
RustDSType::RustRangeTrees;6278;19;0;0;18.4476;1000;2613839;17604700;22984;2770460;4571700;7309
RustDSType::RustRangeTrees;6278;19;0;0;18.4476;5000;2613839;17604700;27877;2770460;4571700;21927
RustDSType::RustRangeTrees;6271;18;0;0;18.4408;5;2610223;24343400;28366;2814096;7358200;1117
RustDSType::RustRangeTrees;6271;18;0;0;18.4408;10;2610223;24343400;25115;2814096;7358200;1419
RustDSType::RustRangeTrees;6271;18;0;0;18.4408;50;2610223;24343400;29248;2814096;7358200;2686
RustDSType::RustRangeTrees;6271;18;0;0;18.4408;100;2610223;24343400;49460;2814096;7358200;4628
RustDSType::RustRangeTrees;6271;18;0;0;18.4408;500;2610223;24343400;29629;2814096;7358200;5202
RustDSType::RustRangeTrees;6271;18;0;0;18.4408;1000;2610223;24343400;26382;2814096;7358200;8373
RustDSType::RustRangeTrees;6271;18;0;0;18.4408;5000;2610223;24343400;27724;2814096;7358200;18290
RustDSType::RustRangeTrees;6218;18;0;0;18.3887;5;2587475;20971200;23093;2725968;5046000;604
RustDSType::RustRangeTrees;6218;18;0;0;18.3887;10;2587475;20971200;19714;2725968;5046000;1274
RustDSType::RustRangeTrees;6218;18;0;0;18.3887;50;2587475;20971200;23187;2725968;5046000;3104
RustDSType::RustRangeTrees;6218;18;0;0;18.3887;100;2587475;20971200;23313;2725968;5046000;3244
RustDSType::RustRangeTrees;6218;18;0;0;18.3887;500;2587475;20971200;24001;2725968;5046000;4975
RustDSType::RustRangeTrees;6218;18;0;0;18.3887;1000;2587475;20971200;23554;2725968;5046000;7927
RustDSType::RustRangeTrees;6218;18;0;0;18.3887;5000;2587475;20971200;26713;2725968;5046000;16922
RustDSType::GridNoColor;6223;17;0;0;18.3936;5;2589745;18102400;21329;3182008;114265900;5983
RustDSType::GridNoColor;6223;17;0;0;18.3936;10;2589745;18102400;20294;3182008;114265900;11737
RustDSType::GridNoColor;6223;17;0;0;18.3936;50;2589745;18102400;21382;3182008;114265900;19640
RustDSType::GridNoColor;6223;17;0;0;18.3936;100;2589745;18102400;22317;3182008;114265900;24863
RustDSType::GridNoColor;6223;17;0;0;18.3936;500;2589745;18102400;23466;3182008;114265900;36147
RustDSType::GridNoColor;6223;17;0;0;18.3936;1000;2589745;18102400;22135;3182008;114265900;56568
RustDSType::GridNoColor;6223;17;0;0;18.3936;5000;2589745;18102400;24916;3182008;114265900;86348
RustDSType::GridNoColor;6277;18;0;0;18.4466;5;2614261;17651500;19778;3165920;109783900;5969
RustDSType::GridNoColor;6277;18;0;0;18.4466;10;2614261;17651500;19841;3165920;109783900;11805
RustDSType::GridNoColor;6277;18;0;0;18.4466;50;2614261;17651500;20097;3165920;109783900;18953
RustDSType::GridNoColor;6277;18;0;0;18.4466;100;2614261;17651500;21764;3165920;109783900;25939
RustDSType::GridNoColor;6277;18;0;0;18.4466;500;2614261;17651500;22103;3165920;109783900;37706
RustDSType::GridNoColor;6277;18;0;0;18.4466;1000;2614261;17651500;23707;3165920;109783900;62535
RustDSType::GridNoColor;6277;18;0;0;18.4466;5000;2614261;17651500;25260;3165920;109783900;91657
RustDSType::GridNoColor;6274;17;0;0;18.4437;5;2612461;17129700;20083;3222104;107055600;5948
RustDSType::GridNoColor;6274;17;0;0;18.4437;10;2612461;17129700;19391;3222104;107055600;12132
RustDSType::GridNoColor;6274;17;0;0;18.4437;50;2612461;17129700;20230;3222104;107055600;18038
RustDSType::GridNoColor;6274;17;0;0;18.4437;100;2612461;17129700;21440;3222104;107055600;24253
RustDSType::GridNoColor;6274;17;0;0;18.4437;500;2612461;17129700;21980;3222104;107055600;36626
RustDSType::GridNoColor;6274;17;0;0;18.4437;1000;2612461;17129700;23585;3222104;107055600;60245
RustDSType::GridNoColor;6274;17;0;0;18.4437;5000;2612461;17129700;25888;3222104;107055600;88000
RustDSType::GridNoColor;6300;17;0;0;18.4691;5;2624265;17537400;20541;3213432;114642200;5846
RustDSType::GridNoColor;6300;17;0;0;18.4691;10;2624265;17537400;19596;3213432;114642200;11849
RustDSType::GridNoColor;6300;17;0;0;18.4691;50;2624265;17537400;20699;3213432;114642200;17997
RustDSType::GridNoColor;6300;17;0;0;18.4691;100;2624265;17537400;22133;3213432;114642200;24403
RustDSType::GridNoColor;6300;17;0;0;18.4691;500;2624265;17537400;23460;3213432;114642200;37150
RustDSType::GridNoColor;6300;17;0;0;18.4691;1000;2624265;17537400;22742;3213432;114642200;59997
RustDSType::GridNoColor;6300;17;0;0;18.4691;5000;2624265;17537400;23790;3213432;114642200;88209
RustDSType::GridNoColor;6276;19;0;0;18.4457;5;2612931;17911800;22035;3187112;128607200;6359
RustDSType::GridNoColor;6276;19;0;0;18.4457;10;2612931;17911800;19851;3187112;128607200;12149
RustDSType::GridNoColor;6276;19;0;0;18.4457;50;2612931;17911800;20536;3187112;128607200;17990
RustDSType::GridNoColor;6276;19;0;0;18.4457;100;2612931;17911800;21971;3187112;128607200;24291
RustDSType::GridNoColor;6276;19;0;0;18.4457;500;2612931;17911800;23565;3187112;128607200;36548
RustDSType::GridNoColor;6276;19;0;0;18.4457;1000;2612931;17911800;24760;3187112;128607200;58630
RustDSType::GridNoColor;6276;19;0;0;18.4457;5000;2612931;17911800;26403;3187112;128607200;89433
RustDSType::GridNoColor;6273;18;0;0;18.4427;5;2612007;31330600;20023;3195296;117814600;5850
RustDSType::GridNoColor;6273;18;0;0;18.4427;10;2612007;31330600;19796;3195296;117814600;11887
RustDSType::GridNoColor;6273;18;0;0;18.4427;50;2612007;31330600;20899;3195296;117814600;18302
RustDSType::GridNoColor;6273;18;0;0;18.4427;100;2612007;31330600;21770;3195296;117814600;24479
RustDSType::GridNoColor;6273;18;0;0;18.4427;500;2612007;31330600;22065;3195296;117814600;37563
RustDSType::GridNoColor;6273;18;0;0;18.4427;1000;2612007;31330600;23805;3195296;117814600;58302
RustDSType::GridNoColor;6273;18;0;0;18.4427;5000;2612007;31330600;25850;3195296;117814600;88746
RustDSType::GridNoColor;6274;17;0;0;18.4437;5;2612023;17783900;20114;3209656;114328400;5873
RustDSType::GridNoColor;6274;17;0;0;18.4437;10;2612023;17783900;20001;3209656;114328400;12958
RustDSType::GridNoColor;6274;17;0;0;18.4437;50;2612023;17783900;20640;3209656;114328400;18308
RustDSType::GridNoColor;6274;17;0;0;18.4437;100;2612023;17783900;22223;3209656;114328400;25030
RustDSType::GridNoColor;6274;17;0;0;18.4437;500;2612023;17783900;24171;3209656;114328400;38325
RustDSType::GridNoColor;6274;17;0;0;18.4437;1000;2612023;17783900;23814;3209656;114328400;59479
RustDSType::GridNoColor;6274;17;0;0;18.4437;5000;2612023;17783900;25545;3209656;114328400;94748
RustDSType::GridNoColor;6278;19;0;0;18.4476;5;2613839;18061500;21059;3229832;124241600;5875
RustDSType::GridNoColor;6278;19;0;0;18.4476;10;2613839;18061500;19460;3229832;124241600;12088
RustDSType::GridNoColor;6278;19;0;0;18.4476;50;2613839;18061500;21138;3229832;124241600;18461
RustDSType::GridNoColor;6278;19;0;0;18.4476;100;2613839;18061500;20962;3229832;124241600;24837
RustDSType::GridNoColor;6278;19;0;0;18.4476;500;2613839;18061500;21832;3229832;124241600;36739
RustDSType::GridNoColor;6278;19;0;0;18.4476;1000;2613839;18061500;21375;3229832;124241600;57668
RustDSType::GridNoColor;6278;19;0;0;18.4476;5000;2613839;18061500;24641;3229832;124241600;85425
RustDSType::GridNoColor;6271;18;0;0;18.4408;5;2610223;16979300;20362;3273472;109621600;5848
RustDSType::GridNoColor;6271;18;0;0;18.4408;10;2610223;16979300;19546;3273472;109621600;11833
RustDSType::GridNoColor;6271;18;0;0;18.4408;50;2610223;16979300;20037;3273472;109621600;17982
RustDSType::GridNoColor;6271;18;0;0;18.4408;100;2610223;16979300;22486;3273472;109621600;25087
RustDSType::GridNoColor;6271;18;0;0;18.4408;500;2610223;16979300;21550;3273472;109621600;36678
RustDSType::GridNoColor;6271;18;0;0;18.4408;1000;2610223;16979300;22915;3273472;109621600;58121
RustDSType::GridNoColor;6271;18;0;0;18.4408;5000;2610223;16979300;25301;3273472;109621600;88502
RustDSType::GridNoColor;6218;18;0;0;18.3887;5;2587475;16700900;19791;3185344;107089600;6143
RustDSType::GridNoColor;6218;18;0;0;18.3887;10;2587475;16700900;19592;3185344;107089600;11810
RustDSType::GridNoColor;6218;18;0;0;18.3887;50;2587475;16700900;22467;3185344;107089600;18991
RustDSType::GridNoColor;6218;18;0;0;18.3887;100;2587475;16700900;21752;3185344;107089600;24670
RustDSType::GridNoColor;6218;18;0;0;18.3887;500;2587475;16700900;23429;3185344;107089600;37719
RustDSType::GridNoColor;6218;18;0;0;18.3887;1000;2587475;16700900;23620;3185344;107089600;60458
RustDSType::GridNoColor;6218;18;0;0;18.3887;5000;2587475;16700900;25045;3185344;107089600;82959
RustDSType::GridSelectColor;6223;17;0;0;18.3936;5;2589745;16716400;21686;3182008;109746700;1051
RustDSType::GridSelectColor;6223;17;0;0;18.3936;10;2589745;16716400;19443;3182008;109746700;2335
RustDSType::GridSelectColor;6223;17;0;0;18.3936;50;2589745;16716400;21501;3182008;109746700;4545
RustDSType::GridSelectColor;6223;17;0;0;18.3936;100;2589745;16716400;21748;3182008;109746700;7635
RustDSType::GridSelectColor;6223;17;0;0;18.3936;500;2589745;16716400;22531;3182008;109746700;17356
RustDSType::GridSelectColor;6223;17;0;0;18.3936;1000;2589745;16716400;22715;3182008;109746700;34426
RustDSType::GridSelectColor;6223;17;0;0;18.3936;5000;2589745;16716400;25689;3182008;109746700;61927
RustDSType::GridSelectColor;6277;18;0;0;18.4466;5;2614261;18876300;19764;3165920;111230200;1106
RustDSType::GridSelectColor;6277;18;0;0;18.4466;10;2614261;18876300;19902;3165920;111230200;2249
RustDSType::GridSelectColor;6277;18;0;0;18.4466;50;2614261;18876300;21379;3165920;111230200;4697
RustDSType::GridSelectColor;6277;18;0;0;18.4466;100;2614261;18876300;21624;3165920;111230200;8147
RustDSType::GridSelectColor;6277;18;0;0;18.4466;500;2614261;18876300;21631;3165920;111230200;18027
RustDSType::GridSelectColor;6277;18;0;0;18.4466;1000;2614261;18876300;23135;3165920;111230200;35403
RustDSType::GridSelectColor;6277;18;0;0;18.4466;5000;2614261;18876300;26205;3165920;111230200;62843
RustDSType::GridSelectColor;6274;17;0;0;18.4437;5;2612461;16703400;20497;3222104;108876800;975
RustDSType::GridSelectColor;6274;17;0;0;18.4437;10;2612461;16703400;19719;3222104;108876800;2219
RustDSType::GridSelectColor;6274;17;0;0;18.4437;50;2612461;16703400;20089;3222104;108876800;4753
RustDSType::GridSelectColor;6274;17;0;0;18.4437;100;2612461;16703400;21444;3222104;108876800;8152
RustDSType::GridSelectColor;6274;17;0;0;18.4437;500;2612461;16703400;21997;3222104;108876800;18633
RustDSType::GridSelectColor;6274;17;0;0;18.4437;1000;2612461;16703400;23380;3222104;108876800;35794
RustDSType::GridSelectColor;6274;17;0;0;18.4437;5000;2612461;16703400;24652;3222104;108876800;58697
RustDSType::GridSelectColor;6300;17;0;0;18.4691;5;2624265;16567700;19094;3213432;101264300;971
RustDSType::GridSelectColor;6300;17;0;0;18.4691;10;2624265;16567700;19775;3213432;101264300;2201
RustDSType::GridSelectColor;6300;17;0;0;18.4691;50;2624265;16567700;20430;3213432;101264300;4492
RustDSType::GridSelectColor;6300;17;0;0;18.4691;100;2624265;16567700;21672;3213432;101264300;7849
RustDSType::GridSelectColor;6300;17;0;0;18.4691;500;2624265;16567700;23154;3213432;101264300;17488
RustDSType::GridSelectColor;6300;17;0;0;18.4691;1000;2624265;16567700;22719;3213432;101264300;34411
RustDSType::GridSelectColor;6300;17;0;0;18.4691;5000;2624265;16567700;23501;3213432;101264300;59227
RustDSType::GridSelectColor;6276;19;0;0;18.4457;5;2612931;16397500;19321;3187112;104217800;990
RustDSType::GridSelectColor;6276;19;0;0;18.4457;10;2612931;16397500;19182;3187112;104217800;2241
RustDSType::GridSelectColor;6276;19;0;0;18.4457;50;2612931;16397500;19992;3187112;104217800;4980
RustDSType::GridSelectColor;6276;19;0;0;18.4457;100;2612931;16397500;21202;3187112;104217800;7582
RustDSType::GridSelectColor;6276;19;0;0;18.4457;500;2612931;16397500;21513;3187112;104217800;18104
RustDSType::GridSelectColor;6276;19;0;0;18.4457;1000;2612931;16397500;23512;3187112;104217800;33891
RustDSType::GridSelectColor;6276;19;0;0;18.4457;5000;2612931;16397500;24765;3187112;104217800;57486
RustDSType::GridSelectColor;6273;18;0;0;18.4427;5;2612007;16300500;18934;3195296;103259700;960
RustDSType::GridSelectColor;6273;18;0;0;18.4427;10;2612007;16300500;18921;3195296;103259700;2261
RustDSType::GridSelectColor;6273;18;0;0;18.4427;50;2612007;16300500;20073;3195296;103259700;4878
RustDSType::GridSelectColor;6273;18;0;0;18.4427;100;2612007;16300500;20923;3195296;103259700;7647
RustDSType::GridSelectColor;6273;18;0;0;18.4427;500;2612007;16300500;21836;3195296;103259700;18858
RustDSType::GridSelectColor;6273;18;0;0;18.4427;1000;2612007;16300500;24464;3195296;103259700;38081
RustDSType::GridSelectColor;6273;18;0;0;18.4427;5000;2612007;16300500;25653;3195296;103259700;60336
RustDSType::GridSelectColor;6274;17;0;0;18.4437;5;2612023;18096800;20403;3209656;104564700;1059
RustDSType::GridSelectColor;6274;17;0;0;18.4437;10;2612023;18096800;19375;3209656;104564700;2335
RustDSType::GridSelectColor;6274;17;0;0;18.4437;50;2612023;18096800;20129;3209656;104564700;4483
RustDSType::GridSelectColor;6274;17;0;0;18.4437;100;2612023;18096800;21763;3209656;104564700;7634
RustDSType::GridSelectColor;6274;17;0;0;18.4437;500;2612023;18096800;21818;3209656;104564700;17692
RustDSType::GridSelectColor;6274;17;0;0;18.4437;1000;2612023;18096800;24145;3209656;104564700;34906
RustDSType::GridSelectColor;6274;17;0;0;18.4437;5000;2612023;18096800;26717;3209656;104564700;59646
RustDSType::GridSelectColor;6278;19;0;0;18.4476;5;2613839;16901800;18436;3229832;104318300;993
RustDSType::GridSelectColor;6278;19;0;0;18.4476;10;2613839;16901800;18166;3229832;104318300;2219
RustDSType::GridSelectColor;6278;19;0;0;18.4476;50;2613839;16901800;19493;3229832;104318300;4174
RustDSType::GridSelectColor;6278;19;0;0;18.4476;100;2613839;16901800;19848;3229832;104318300;7139
RustDSType::GridSelectColor;6278;19;0;0;18.4476;500;2613839;16901800;20539;3229832;104318300;17095
RustDSType::GridSelectColor;6278;19;0;0;18.4476;1000;2613839;16901800;22018;3229832;104318300;34544
RustDSType::GridSelectColor;6278;19;0;0;18.4476;5000;2613839;16901800;26487;3229832;104318300;67080
RustDSType::GridSelectColor;6271;18;0;0;18.4408;5;2610223;19280200;27298;3273472;140501000;1293
RustDSType::GridSelectColor;6271;18;0;0;18.4408;10;2610223;19280200;23303;3273472;140501000;2666
RustDSType::GridSelectColor;6271;18;0;0;18.4408;50;2610223;19280200;21702;3273472;140501000;4743
RustDSType::GridSelectColor;6271;18;0;0;18.4408;100;2610223;19280200;24105;3273472;140501000;8953
RustDSType::GridSelectColor;6271;18;0;0;18.4408;500;2610223;19280200;23001;3273472;140501000;17777
RustDSType::GridSelectColor;6271;18;0;0;18.4408;1000;2610223;19280200;24862;3273472;140501000;35216
RustDSType::GridSelectColor;6271;18;0;0;18.4408;5000;2610223;19280200;25729;3273472;140501000;61020
RustDSType::GridSelectColor;6218;18;0;0;18.3887;5;2587475;18470900;18919;3185344;101558200;994
RustDSType::GridSelectColor;6218;18;0;0;18.3887;10;2587475;18470900;19408;3185344;101558200;2310
RustDSType::GridSelectColor;6218;18;0;0;18.3887;50;2587475;18470900;21122;3185344;101558200;4746
RustDSType::GridSelectColor;6218;18;0;0;18.3887;100;2587475;18470900;21322;3185344;101558200;8043
RustDSType::GridSelectColor;6218;18;0;0;18.3887;500;2587475;18470900;23344;3185344;101558200;18006
RustDSType::GridSelectColor;6218;18;0;0;18.3887;1000;2587475;18470900;22679;3185344;101558200;34162
RustDSType::GridSelectColor;6218;18;0;0;18.3887;5000;2587475;18470900;24078;3185344;101558200;59131
RustDSType::GridColumnColor;6223;17;0;0;18.3936;5;2589745;16931500;18396;3184208;97001500;1685
RustDSType::GridColumnColor;6223;17;0;0;18.3936;10;2589745;16931500;17622;3184208;97001500;3167
RustDSType::GridColumnColor;6223;17;0;0;18.3936;50;2589745;16931500;19581;3184208;97001500;5101
RustDSType::GridColumnColor;6223;17;0;0;18.3936;100;2589745;16931500;22273;3184208;97001500;7217
RustDSType::GridColumnColor;6223;17;0;0;18.3936;500;2589745;16931500;22319;3184208;97001500;10202
RustDSType::GridColumnColor;6223;17;0;0;18.3936;1000;2589745;16931500;21937;3184208;97001500;14110
RustDSType::GridColumnColor;6223;17;0;0;18.3936;5000;2589745;16931500;25034;3184208;97001500;24540
RustDSType::GridColumnColor;6277;18;0;0;18.4466;5;2614261;17314300;18889;3168204;106606700;1770
RustDSType::GridColumnColor;6277;18;0;0;18.4466;10;2614261;17314300;18953;3168204;106606700;3572
RustDSType::GridColumnColor;6277;18;0;0;18.4466;50;2614261;17314300;19446;3168204;106606700;5562
RustDSType::GridColumnColor;6277;18;0;0;18.4466;100;2614261;17314300;20890;3168204;106606700;7815
RustDSType::GridColumnColor;6277;18;0;0;18.4466;500;2614261;17314300;21312;3168204;106606700;11026
RustDSType::GridColumnColor;6277;18;0;0;18.4466;1000;2614261;17314300;23396;3168204;106606700;15125
RustDSType::GridColumnColor;6277;18;0;0;18.4466;5000;2614261;17314300;24127;3168204;106606700;25795
RustDSType::GridColumnColor;6274;17;0;0;18.4437;5;2612461;16980700;19171;3224428;104992200;1639
RustDSType::GridColumnColor;6274;17;0;0;18.4437;10;2612461;16980700;20713;3224428;104992200;5104
RustDSType::GridColumnColor;6274;17;0;0;18.4437;50;2612461;16980700;19010;3224428;104992200;5388
RustDSType::GridColumnColor;6274;17;0;0;18.4437;100;2612461;16980700;21213;3224428;104992200;7580
RustDSType::GridColumnColor;6274;17;0;0;18.4437;500;2612461;16980700;22642;3224428;104992200;10864
RustDSType::GridColumnColor;6274;17;0;0;18.4437;1000;2612461;16980700;24535;3224428;104992200;14591
RustDSType::GridColumnColor;6274;17;0;0;18.4437;5000;2612461;16980700;24347;3224428;104992200;25062
RustDSType::GridColumnColor;6300;17;0;0;18.4691;5;2624265;18819500;19305;3215740;104576000;1672
RustDSType::GridColumnColor;6300;17;0;0;18.4691;10;2624265;18819500;19293;3215740;104576000;3500
RustDSType::GridColumnColor;6300;17;0;0;18.4691;50;2624265;18819500;20027;3215740;104576000;5363
RustDSType::GridColumnColor;6300;17;0;0;18.4691;100;2624265;18819500;21443;3215740;104576000;7479
RustDSType::GridColumnColor;6300;17;0;0;18.4691;500;2624265;18819500;22325;3215740;104576000;10602
RustDSType::GridColumnColor;6300;17;0;0;18.4691;1000;2624265;18819500;21729;3215740;104576000;14836
RustDSType::GridColumnColor;6300;17;0;0;18.4691;5000;2624265;18819500;24762;3215740;104576000;24850
RustDSType::GridColumnColor;6276;19;0;0;18.4457;5;2612931;16631900;19273;3189384;106753200;1962
RustDSType::GridColumnColor;6276;19;0;0;18.4457;10;2612931;16631900;19021;3189384;106753200;3872
RustDSType::GridColumnColor;6276;19;0;0;18.4457;50;2612931;16631900;19619;3189384;106753200;5924
RustDSType::GridColumnColor;6276;19;0;0;18.4457;100;2612931;16631900;21323;3189384;106753200;8072
RustDSType::GridColumnColor;6276;19;0;0;18.4457;500;2612931;16631900;21456;3189384;106753200;11519
RustDSType::GridColumnColor;6276;19;0;0;18.4457;1000;2612931;16631900;23186;3189384;106753200;14658
RustDSType::GridColumnColor;6276;19;0;0;18.4457;5000;2612931;16631900;23049;3189384;106753200;24560
RustDSType::GridColumnColor;6273;18;0;0;18.4427;5;2612007;16363000;18010;3197564;100105600;1514
RustDSType::GridColumnColor;6273;18;0;0;18.4427;10;2612007;16363000;17866;3197564;100105600;3241
RustDSType::GridColumnColor;6273;18;0;0;18.4427;50;2612007;16363000;18960;3197564;100105600;5110
RustDSType::GridColumnColor;6273;18;0;0;18.4427;100;2612007;16363000;21058;3197564;100105600;7233
RustDSType::GridColumnColor;6273;18;0;0;18.4427;500;2612007;16363000;21604;3197564;100105600;10363
RustDSType::GridColumnColor;6273;18;0;0;18.4427;1000;2612007;16363000;22591;3197564;100105600;14342
RustDSType::GridColumnColor;6273;18;0;0;18.4427;5000;2612007;16363000;24192;3197564;100105600;24915
RustDSType::GridColumnColor;6274;17;0;0;18.4437;5;2612023;20099300;19045;3211908;102249000;1664
RustDSType::GridColumnColor;6274;17;0;0;18.4437;10;2612023;20099300;18983;3211908;102249000;3449
RustDSType::GridColumnColor;6274;17;0;0;18.4437;50;2612023;20099300;19389;3211908;102249000;5326
RustDSType::GridColumnColor;6274;17;0;0;18.4437;100;2612023;20099300;21251;3211908;102249000;7592
RustDSType::GridColumnColor;6274;17;0;0;18.4437;500;2612023;20099300;21107;3211908;102249000;10530
RustDSType::GridColumnColor;6274;17;0;0;18.4437;1000;2612023;20099300;22941;3211908;102249000;14351
RustDSType::GridColumnColor;6274;17;0;0;18.4437;5000;2612023;20099300;25379;3211908;102249000;24378
RustDSType::GridColumnColor;6278;19;0;0;18.4476;5;2613839;16787800;19045;3232104;107363100;1687
RustDSType::GridColumnColor;6278;19;0;0;18.4476;10;2613839;16787800;18649;3232104;107363100;3438
RustDSType::GridColumnColor;6278;19;0;0;18.4476;50;2613839;16787800;20001;3232104;107363100;5373
RustDSType::GridColumnColor;6278;19;0;0;18.4476;100;2613839;16787800;26559;3232104;107363100;10262
RustDSType::GridColumnColor;6278;19;0;0;18.4476;500;2613839;16787800;25111;3232104;107363100;11053
RustDSType::GridColumnColor;6278;19;0;0;18.4476;1000;2613839;16787800;22130;3232104;107363100;14765
RustDSType::GridColumnColor;6278;19;0;0;18.4476;5000;2613839;16787800;25064;3232104;107363100;24602
RustDSType::GridColumnColor;6271;18;0;0;18.4408;5;2610223;16032200;19581;3275720;105066400;1780
RustDSType::GridColumnColor;6271;18;0;0;18.4408;10;2610223;16032200;19047;3275720;105066400;3621
RustDSType::GridColumnColor;6271;18;0;0;18.4408;50;2610223;16032200;19231;3275720;105066400;5547
RustDSType::GridColumnColor;6271;18;0;0;18.4408;100;2610223;16032200;20580;3275720;105066400;7770
RustDSType::GridColumnColor;6271;18;0;0;18.4408;500;2610223;16032200;20980;3275720;105066400;10812
RustDSType::GridColumnColor;6271;18;0;0;18.4408;1000;2610223;16032200;22640;3275720;105066400;14873
RustDSType::GridColumnColor;6271;18;0;0;18.4408;5000;2610223;16032200;25441;3275720;105066400;26711
RustDSType::GridColumnColor;6218;18;0;0;18.3887;5;2587475;16480000;19252;3187524;102537500;1726
RustDSType::GridColumnColor;6218;18;0;0;18.3887;10;2587475;16480000;18859;3187524;102537500;3468
RustDSType::GridColumnColor;6218;18;0;0;18.3887;50;2587475;16480000;20502;3187524;102537500;5535
RustDSType::GridColumnColor;6218;18;0;0;18.3887;100;2587475;16480000;21100;3187524;102537500;7732
RustDSType::GridColumnColor;6218;18;0;0;18.3887;500;2587475;16480000;22664;3187524;102537500;10820
RustDSType::GridColumnColor;6218;18;0;0;18.3887;1000;2587475;16480000;22672;3187524;102537500;14767
RustDSType::GridColumnColor;6218;18;0;0;18.3887;5000;2587475;16480000;26951;3187524;102537500;25868
RustDSType::GridSortedColor;6223;17;0;0;18.3936;5;2589745;22026000;20812;3188984;105255700;2659
RustDSType::GridSortedColor;6223;17;0;0;18.3936;10;2589745;22026000;18784;3188984;105255700;3502
RustDSType::GridSortedColor;6223;17;0;0;18.3936;50;2589745;22026000;22523;3188984;105255700;5630
RustDSType::GridSortedColor;6223;17;0;0;18.3936;100;2589745;22026000;21524;3188984;105255700;7821
RustDSType::GridSortedColor;6223;17;0;0;18.3936;500;2589745;22026000;22846;3188984;105255700;11080
RustDSType::GridSortedColor;6223;17;0;0;18.3936;1000;2589745;22026000;22455;3188984;105255700;13888
RustDSType::GridSortedColor;6223;17;0;0;18.3936;5000;2589745;22026000;24099;3188984;105255700;25106
RustDSType::GridSortedColor;6277;18;0;0;18.4466;5;2614261;14758500;19754;3173232;96912800;1747
RustDSType::GridSortedColor;6277;18;0;0;18.4466;10;2614261;14758500;19256;3173232;96912800;3477
RustDSType::GridSortedColor;6277;18;0;0;18.4466;50;2614261;14758500;19929;3173232;96912800;5618
RustDSType::GridSortedColor;6277;18;0;0;18.4466;100;2614261;14758500;22035;3173232;96912800;8198
RustDSType::GridSortedColor;6277;18;0;0;18.4466;500;2614261;14758500;21262;3173232;96912800;10875
RustDSType::GridSortedColor;6277;18;0;0;18.4466;1000;2614261;14758500;22819;3173232;96912800;15023
RustDSType::GridSortedColor;6277;18;0;0;18.4466;5000;2614261;14758500;23889;3173232;96912800;26673
RustDSType::GridSortedColor;6274;17;0;0;18.4437;5;2612461;15060300;18653;3229576;99607900;1670
RustDSType::GridSortedColor;6274;17;0;0;18.4437;10;2612461;15060300;18691;3229576;99607900;3486
RustDSType::GridSortedColor;6274;17;0;0;18.4437;50;2612461;15060300;19390;3229576;99607900;5764
RustDSType::GridSortedColor;6274;17;0;0;18.4437;100;2612461;15060300;21155;3229576;99607900;8039
RustDSType::GridSortedColor;6274;17;0;0;18.4437;500;2612461;15060300;21276;3229576;99607900;10898
RustDSType::GridSortedColor;6274;17;0;0;18.4437;1000;2612461;15060300;24152;3229576;99607900;14974
RustDSType::GridSortedColor;6274;17;0;0;18.4437;5000;2612461;15060300;24763;3229576;99607900;25590
RustDSType::GridSortedColor;6300;17;0;0;18.4691;5;2624265;16304000;17659;3220840;97842600;1565
RustDSType::GridSortedColor;6300;17;0;0;18.4691;10;2624265;16304000;17531;3220840;97842600;3162
RustDSType::GridSortedColor;6300;17;0;0;18.4691;50;2624265;16304000;19577;3220840;97842600;5272
RustDSType::GridSortedColor;6300;17;0;0;18.4691;100;2624265;16304000;21003;3220840;97842600;7172
RustDSType::GridSortedColor;6300;17;0;0;18.4691;500;2624265;16304000;21882;3220840;97842600;10625
RustDSType::GridSortedColor;6300;17;0;0;18.4691;1000;2624265;16304000;21856;3220840;97842600;14771
RustDSType::GridSortedColor;6300;17;0;0;18.4691;5000;2624265;16304000;23845;3220840;97842600;25266
RustDSType::GridSortedColor;6276;19;0;0;18.4457;5;2612931;16683300;20087;3194376;105195900;1853
RustDSType::GridSortedColor;6276;19;0;0;18.4457;10;2612931;16683300;19109;3194376;105195900;3944
RustDSType::GridSortedColor;6276;19;0;0;18.4457;50;2612931;16683300;20310;3194376;105195900;6163
RustDSType::GridSortedColor;6276;19;0;0;18.4457;100;2612931;16683300;21216;3194376;105195900;8338
RustDSType::GridSortedColor;6276;19;0;0;18.4457;500;2612931;16683300;21781;3194376;105195900;11455
RustDSType::GridSortedColor;6276;19;0;0;18.4457;1000;2612931;16683300;23036;3194376;105195900;16063
RustDSType::GridSortedColor;6276;19;0;0;18.4457;5000;2612931;16683300;24176;3194376;105195900;25658
RustDSType::GridSortedColor;6273;18;0;0;18.4427;5;2612007;17628100;18411;3202544;106817700;1482
RustDSType::GridSortedColor;6273;18;0;0;18.4427;10;2612007;17628100;18644;3202544;106817700;3399
RustDSType::GridSortedColor;6273;18;0;0;18.4427;50;2612007;17628100;19608;3202544;106817700;5137
RustDSType::GridSortedColor;6273;18;0;0;18.4427;100;2612007;17628100;20937;3202544;106817700;7556
RustDSType::GridSortedColor;6273;18;0;0;18.4427;500;2612007;17628100;21304;3202544;106817700;12738
RustDSType::GridSortedColor;6273;18;0;0;18.4427;1000;2612007;17628100;22014;3202544;106817700;14158
RustDSType::GridSortedColor;6273;18;0;0;18.4427;5000;2612007;17628100;25398;3202544;106817700;25202
RustDSType::GridSortedColor;6274;17;0;0;18.4437;5;2612023;16663700;19337;3216840;107618900;1754
RustDSType::GridSortedColor;6274;17;0;0;18.4437;10;2612023;16663700;19504;3216840;107618900;4141
RustDSType::GridSortedColor;6274;17;0;0;18.4437;50;2612023;16663700;19375;3216840;107618900;5594
RustDSType::GridSortedColor;6274;17;0;0;18.4437;100;2612023;16663700;20807;3216840;107618900;7792
RustDSType::GridSortedColor;6274;17;0;0;18.4437;500;2612023;16663700;21138;3216840;107618900;10782
RustDSType::GridSortedColor;6274;17;0;0;18.4437;1000;2612023;16663700;23546;3216840;107618900;14749
RustDSType::GridSortedColor;6274;17;0;0;18.4437;5000;2612023;16663700;25077;3216840;107618900;26645
RustDSType::GridSortedColor;6278;19;0;0;18.4476;5;2613839;16819300;19080;3237096;107191400;1742
RustDSType::GridSortedColor;6278;19;0;0;18.4476;10;2613839;16819300;19259;3237096;107191400;3479
RustDSType::GridSortedColor;6278;19;0;0;18.4476;50;2613839;16819300;19618;3237096;107191400;5739
RustDSType::GridSortedColor;6278;19;0;0;18.4476;100;2613839;16819300;20051;3237096;107191400;7478
RustDSType::GridSortedColor;6278;19;0;0;18.4476;500;2613839;16819300;21086;3237096;107191400;10728
RustDSType::GridSortedColor;6278;19;0;0;18.4476;1000;2613839;16819300;21504;3237096;107191400;14523
RustDSType::GridSortedColor;6278;19;0;0;18.4476;5000;2613839;16819300;23709;3237096;107191400;23845
RustDSType::GridSortedColor;6271;18;0;0;18.4408;5;2610223;16521000;21108;3280640;103676300;1796
RustDSType::GridSortedColor;6271;18;0;0;18.4408;10;2610223;16521000;19159;3280640;103676300;3742
RustDSType::GridSortedColor;6271;18;0;0;18.4408;50;2610223;16521000;20954;3280640;103676300;6560
RustDSType::GridSortedColor;6271;18;0;0;18.4408;100;2610223;16521000;21120;3280640;103676300;8663
RustDSType::GridSortedColor;6271;18;0;0;18.4408;500;2610223;16521000;21710;3280640;103676300;11431
RustDSType::GridSortedColor;6271;18;0;0;18.4408;1000;2610223;16521000;24177;3280640;103676300;15779
RustDSType::GridSortedColor;6271;18;0;0;18.4408;5000;2610223;16521000;25646;3280640;103676300;26603
RustDSType::GridSortedColor;6218;18;0;0;18.3887;5;2587475;17021900;19154;3192240;106274700;1706
RustDSType::GridSortedColor;6218;18;0;0;18.3887;10;2587475;17021900;19395;3192240;106274700;3707
RustDSType::GridSortedColor;6218;18;0;0;18.3887;50;2587475;17021900;20512;3192240;106274700;5704
RustDSType::GridSortedColor;6218;18;0;0;18.3887;100;2587475;17021900;20597;3192240;106274700;7961
RustDSType::GridSortedColor;6218;18;0;0;18.3887;500;2587475;17021900;22408;3192240;106274700;10994
RustDSType::GridSortedColor;6218;18;0;0;18.3887;1000;2587475;17021900;23329;3192240;106274700;15255
RustDSType::GridSortedColor;6218;18;0;0;18.3887;5000;2587475;17021900;24574;3192240;106274700;25817
