DSType;dataType;numPoints;numColors;gamma;alpha;s;k;rangeSpace;rangeBuildTime;rangeQueryTime;modeSpace;modeBuildTime;modeQueryTime;modeQueryTimeExcludingFirst
AAS2DModeReportDS;synthetic;250000;1;0;0;62;10;163611376;452641900;90630;159611376;383672800;3320;3202
AAS2DModeReportDS;synthetic;250000;1;0;0;62;100;163611376;452641900;97587;159611376;383672800;5908;5761
AAS2DModeReportDS;synthetic;250000;1;0;0;62;1000;163611376;452641900;99422;159611376;383672800;26581;26436
AAS2DModeReportDS;synthetic;250000;1;0;0;62;5000;163611376;452641900;103251;159611376;383672800;90955;90866
AAS2DModeReportDS;synthetic;250000;1;0;0;62;10000;163611376;452641900;104930;159611376;383672800;150697;150517
AAS2DModeReportDS;synthetic;250000;1;0;0;62;25000;163611376;452641900;105397;159611376;383672800;288820;287966
AAS2DModeReportDS;synthetic;250000;1;0;0;62;50000;163611376;452641900;104466;159611376;383672800;757676;757471
AAS2DModeReportDS;synthetic;250000;1;0;0;62;75000;163611376;452641900;102823;159611376;383672800;1274381;1275000
AAS2DModeReportDS;synthetic;250000;1;0;0;62;100000;163611376;452641900;101608;159611376;383672800;1735775;1735271
AAS2DModeReportDS;synthetic;250000;1;0;0;62;150000;163611376;452641900;98275;159611376;383672800;2719373;2717699
AAS2DModeReportDS;synthetic;250000;1;0;0;62;200000;163611376;452641900;92788;159611376;383672800;3683025;3686116
AAS2DModeReportDS;synthetic;250000;1;0;0;62;250000;163611376;452641900;87064;159611376;383672800;4440563;4443914
AAS2DModePerColorDS;synthetic;250000;1;0;0;62;10;163611376;418349700;91234;159611376;407620600;2271;2183
AAS2DModePerColorDS;synthetic;250000;1;0;0;62;100;163611376;418349700;94386;159611376;407620600;2518;2406
AAS2DModePerColorDS;synthetic;250000;1;0;0;62;1000;163611376;418349700;112082;159611376;407620600;2912;2775
AAS2DModePerColorDS;synthetic;250000;1;0;0;62;5000;163611376;418349700;103411;159611376;407620600;3039;2892
AAS2DModePerColorDS;synthetic;250000;1;0;0;62;10000;163611376;418349700;104923;159611376;407620600;3016;2876
AAS2DModePerColorDS;synthetic;250000;1;0;0;62;25000;163611376;418349700;105549;159611376;407620600;2898;2753
AAS2DModePerColorDS;synthetic;250000;1;0;0;62;50000;163611376;418349700;104598;159611376;407620600;2613;2504
AAS2DModePerColorDS;synthetic;250000;1;0;0;62;75000;163611376;418349700;102955;159611376;407620600;2437;2335
AAS2DModePerColorDS;synthetic;250000;1;0;0;62;100000;163611376;418349700;101478;159611376;407620600;2306;2205
AAS2DModePerColorDS;synthetic;250000;1;0;0;62;150000;163611376;418349700;97382;159611376;407620600;1862;1776
AAS2DModePerColorDS;synthetic;250000;1;0;0;62;200000;163611376;418349700;93153;159611376;407620600;1117;1065
AAS2DModePerColorDS;synthetic;250000;1;0;0;62;250000;163611376;418349700;86697;159611376;407620600;56;56
AAS2DModeGridDS;synthetic;250000;1;0;0;62;10;163611376;419324700;91690;180039964;19309991200;44823;44684
AAS2DModeGridDS;synthetic;250000;1;0;0;62;100;163611376;419324700;94582;180039964;19309991200;48598;48583
AAS2DModeGridDS;synthetic;250000;1;0;0;62;1000;163611376;419324700;99588;180039964;19309991200;54846;54840
AAS2DModeGridDS;synthetic;250000;1;0;0;62;5000;163611376;419324700;103852;180039964;19309991200;62900;62799
AAS2DModeGridDS;synthetic;250000;1;0;0;62;10000;163611376;419324700;105309;180039964;19309991200;67803;67703
AAS2DModeGridDS;synthetic;250000;1;0;0;62;25000;163611376;419324700;105790;180039964;19309991200;75575;75496
AAS2DModeGridDS;synthetic;250000;1;0;0;62;50000;163611376;419324700;103761;180039964;19309991200;80532;80461
AAS2DModeGridDS;synthetic;250000;1;0;0;62;75000;163611376;419324700;102613;180039964;19309991200;81138;81080
AAS2DModeGridDS;synthetic;250000;1;0;0;62;100000;163611376;419324700;100513;180039964;19309991200;78723;78614
AAS2DModeGridDS;synthetic;250000;1;0;0;62;150000;163611376;419324700;96461;180039964;19309991200;72331;72262
AAS2DModeGridDS;synthetic;250000;1;0;0;62;200000;163611376;419324700;91976;180039964;19309991200;67792;67760
AAS2DModeGridDS;synthetic;250000;1;0;0;62;250000;163611376;419324700;85787;180039964;19309991200;70315;70327
Amc::GridSelectColor;synthetic;250000;1;0;0;62;10;163611376;423004900;91892;212138252;82340250400;10778;10539
Amc::GridSelectColor;synthetic;250000;1;0;0;62;100;163611376;423004900;95399;212138252;82340250400;27193;26691
Amc::GridSelectColor;synthetic;250000;1;0;0;62;1000;163611376;423004900;100250;212138252;82340250400;59308;58631
Amc::GridSelectColor;synthetic;250000;1;0;0;62;5000;163611376;423004900;104411;212138252;82340250400;74645;74185
Amc::GridSelectColor;synthetic;250000;1;0;0;62;10000;163611376;423004900;105683;212138252;82340250400;83188;82638
Amc::GridSelectColor;synthetic;250000;1;0;0;62;25000;163611376;423004900;105862;212138252;82340250400;99993;99493
Amc::GridSelectColor;synthetic;250000;1;0;0;62;50000;163611376;423004900;104675;212138252;82340250400;114190;113773
Amc::GridSelectColor;synthetic;250000;1;0;0;62;75000;163611376;423004900;102428;212138252;82340250400;121807;121415
Amc::GridSelectColor;synthetic;250000;1;0;0;62;100000;163611376;423004900;101725;212138252;82340250400;124598;124164
Amc::GridSelectColor;synthetic;250000;1;0;0;62;150000;163611376;423004900;97293;212138252;82340250400;124425;124096
Amc::GridSelectColor;synthetic;250000;1;0;0;62;200000;163611376;423004900;92271;212138252;82340250400;127842;127439
Amc::GridSelectColor;synthetic;250000;1;0;0;62;250000;163611376;423004900;87230;212138252;82340250400;145966;145929
AAS2DModeReportDS;synthetic;250000;100;0;0;62;10;163611376;422075100;101290;159611376;429446600;3844;3718
AAS2DModeReportDS;synthetic;250000;100;0;0;62;100;163611376;422075100;95026;159611376;429446600;11562;11407
AAS2DModeReportDS;synthetic;250000;100;0;0;62;1000;163611376;422075100;99602;159611376;429446600;58564;58443
AAS2DModeReportDS;synthetic;250000;100;0;0;62;5000;163611376;422075100;104101;159611376;429446600;223642;223492
AAS2DModeReportDS;synthetic;250000;100;0;0;62;10000;163611376;422075100;104836;159611376;429446600;401937;401640
AAS2DModeReportDS;synthetic;250000;100;0;0;62;25000;163611376;422075100;106196;159611376;429446600;888449;888483
AAS2DModeReportDS;synthetic;250000;100;0;0;62;50000;163611376;422075100;104392;159611376;429446600;2005748;2005437
AAS2DModeReportDS;synthetic;250000;100;0;0;62;75000;163611376;422075100;102857;159611376;429446600;3197278;3197452
AAS2DModeReportDS;synthetic;250000;100;0;0;62;100000;163611376;422075100;101021;159611376;429446600;4323400;4324723
AAS2DModeReportDS;synthetic;250000;100;0;0;62;150000;163611376;422075100;97174;159611376;429446600;6668969;6666349
AAS2DModeReportDS;synthetic;250000;100;0;0;62;200000;163611376;422075100;92320;159611376;429446600;8980793;8983935
AAS2DModeReportDS;synthetic;250000;100;0;0;62;250000;163611376;422075100;86531;159611376;429446600;11145429;11145749
AAS2DModePerColorDS;synthetic;250000;100;0;0;62;10;163611376;422313300;95520;106891200;282736400;75910;74270
AAS2DModePerColorDS;synthetic;250000;100;0;0;62;100;163611376;422313300;95500;106891200;282736400;87004;86097
AAS2DModePerColorDS;synthetic;250000;100;0;0;62;1000;163611376;422313300;100961;106891200;282736400;106547;105642
AAS2DModePerColorDS;synthetic;250000;100;0;0;62;5000;163611376;422313300;104535;106891200;282736400;118627;117286
AAS2DModePerColorDS;synthetic;250000;100;0;0;62;10000;163611376;422313300;106826;106891200;282736400;120403;120003
AAS2DModePerColorDS;synthetic;250000;100;0;0;62;25000;163611376;422313300;107076;106891200;282736400;120019;119337
AAS2DModePerColorDS;synthetic;250000;100;0;0;62;50000;163611376;422313300;106012;106891200;282736400;113199;112675
AAS2DModePerColorDS;synthetic;250000;100;0;0;62;75000;163611376;422313300;104992;106891200;282736400;107595;107070
AAS2DModePerColorDS;synthetic;250000;100;0;0;62;100000;163611376;422313300;103181;106891200;282736400;101502;101148
AAS2DModePerColorDS;synthetic;250000;100;0;0;62;150000;163611376;422313300;98799;106891200;282736400;82218;81538
AAS2DModePerColorDS;synthetic;250000;100;0;0;62;200000;163611376;422313300;94055;106891200;282736400;54196;53550
AAS2DModePerColorDS;synthetic;250000;100;0;0;62;250000;163611376;422313300;87721;106891200;282736400;4498;4497
AAS2DModeGridDS;synthetic;250000;100;0;0;62;10;163611376;427302800;91824;127319788;42481136200;52055;51693
AAS2DModeGridDS;synthetic;250000;100;0;0;62;100;163611376;427302800;95343;127319788;42481136200;117667;117338
AAS2DModeGridDS;synthetic;250000;100;0;0;62;1000;163611376;427302800;100069;127319788;42481136200;181438;180748
AAS2DModeGridDS;synthetic;250000;100;0;0;62;5000;163611376;427302800;103916;127319788;42481136200;202099;201646
AAS2DModeGridDS;synthetic;250000;100;0;0;62;10000;163611376;427302800;104917;127319788;42481136200;209541;209353
AAS2DModeGridDS;synthetic;250000;100;0;0;62;25000;163611376;427302800;106172;127319788;42481136200;216450;216326
AAS2DModeGridDS;synthetic;250000;100;0;0;62;50000;163611376;427302800;105050;127319788;42481136200;214550;214433
AAS2DModeGridDS;synthetic;250000;100;0;0;62;75000;163611376;427302800;103768;127319788;42481136200;208150;207808
AAS2DModeGridDS;synthetic;250000;100;0;0;62;100000;163611376;427302800;103395;127319788;42481136200;200917;200722
AAS2DModeGridDS;synthetic;250000;100;0;0;62;150000;163611376;427302800;99006;127319788;42481136200;174378;174160
AAS2DModeGridDS;synthetic;250000;100;0;0;62;200000;163611376;427302800;93874;127319788;42481136200;135489;135124
AAS2DModeGridDS;synthetic;250000;100;0;0;62;250000;163611376;427302800;88214;127319788;42481136200;86692;86703
Amc::GridSelectColor;synthetic;250000;100;0;0;62;10;163611376;423784600;91873;156343032;85357534600;19511;19152
Amc::GridSelectColor;synthetic;250000;100;0;0;62;100;163611376;423784600;95375;156343032;85357534600;104225;103646
Amc::GridSelectColor;synthetic;250000;100;0;0;62;1000;163611376;423784600;100694;156343032;85357534600;214967;214196
Amc::GridSelectColor;synthetic;250000;100;0;0;62;5000;163611376;423784600;103515;156343032;85357534600;249969;249459
Amc::GridSelectColor;synthetic;250000;100;0;0;62;10000;163611376;423784600;105069;156343032;85357534600;259948;258715
Amc::GridSelectColor;synthetic;250000;100;0;0;62;25000;163611376;423784600;105383;156343032;85357534600;273327;273085
Amc::GridSelectColor;synthetic;250000;100;0;0;62;50000;163611376;423784600;104437;156343032;85357534600;278418;277673
Amc::GridSelectColor;synthetic;250000;100;0;0;62;75000;163611376;423784600;102214;156343032;85357534600;279213;278419
Amc::GridSelectColor;synthetic;250000;100;0;0;62;100000;163611376;423784600;101291;156343032;85357534600;274920;273924
Amc::GridSelectColor;synthetic;250000;100;0;0;62;150000;163611376;423784600;98633;156343032;85357534600;253967;253456
Amc::GridSelectColor;synthetic;250000;100;0;0;62;200000;163611376;423784600;93591;156343032;85357534600;220081;219287
Amc::GridSelectColor;synthetic;250000;100;0;0;62;250000;163611376;423784600;86906;156343032;85357534600;181060;181028
AAS2DModeReportDS;synthetic;250000;1000;0;0;62;10;163611376;429289200;92299;159611376;430767600;3840;3716
AAS2DModeReportDS;synthetic;250000;1000;0;0;62;100;163611376;429289200;95785;159611376;430767600;13439;13288
AAS2DModeReportDS;synthetic;250000;1000;0;0;62;1000;163611376;429289200;103609;159611376;430767600;102515;102452
AAS2DModeReportDS;synthetic;250000;1000;0;0;62;5000;163611376;429289200;104187;159611376;430767600;371726;372943
AAS2DModeReportDS;synthetic;250000;1000;0;0;62;10000;163611376;429289200;106571;159611376;430767600;625243;625154
AAS2DModeReportDS;synthetic;250000;1000;0;0;62;25000;163611376;429289200;107208;159611376;430767600;1351775;1351590
AAS2DModeReportDS;synthetic;250000;1000;0;0;62;50000;163611376;429289200;106446;159611376;430767600;2806543;2807606
AAS2DModeReportDS;synthetic;250000;1000;0;0;62;75000;163611376;429289200;104973;159611376;430767600;4323668;4326301
AAS2DModeReportDS;synthetic;250000;1000;0;0;62;100000;163611376;429289200;103945;159611376;430767600;5719229;5719804
AAS2DModeReportDS;synthetic;250000;1000;0;0;62;150000;163611376;429289200;99181;159611376;430767600;8648889;8650148
AAS2DModeReportDS;synthetic;250000;1000;0;0;62;200000;163611376;429289200;93987;159611376;430767600;11528693;11526421
AAS2DModeReportDS;synthetic;250000;1000;0;0;62;250000;163611376;429289200;89078;159611376;430767600;14091848;14088930
AAS2DModePerColorDS;synthetic;250000;1000;0;0;62;10;163611376;420591500;92514;79914592;218746100;324604;324111
AAS2DModePerColorDS;synthetic;250000;1000;0;0;62;100;163611376;420591500;95895;79914592;218746100;439414;438107
AAS2DModePerColorDS;synthetic;250000;1000;0;0;62;1000;163611376;420591500;100685;79914592;218746100;579844;580460
AAS2DModePerColorDS;synthetic;250000;1000;0;0;62;5000;163611376;420591500;104165;79914592;218746100;672633;671858
AAS2DModePerColorDS;synthetic;250000;1000;0;0;62;10000;163611376;420591500;104639;79914592;218746100;695594;694089
AAS2DModePerColorDS;synthetic;250000;1000;0;0;62;25000;163611376;420591500;106084;79914592;218746100;716918;714913
AAS2DModePerColorDS;synthetic;250000;1000;0;0;62;50000;163611376;420591500;103979;79914592;218746100;703544;702352
AAS2DModePerColorDS;synthetic;250000;1000;0;0;62;75000;163611376;420591500;104084;79914592;218746100;677430;674513
AAS2DModePerColorDS;synthetic;250000;1000;0;0;62;100000;163611376;420591500;101266;79914592;218746100;651554;652003
AAS2DModePerColorDS;synthetic;250000;1000;0;0;62;150000;163611376;420591500;96770;79914592;218746100;570608;570910
AAS2DModePerColorDS;synthetic;250000;1000;0;0;62;200000;163611376;420591500;92706;79914592;218746100;368077;366151
AAS2DModePerColorDS;synthetic;250000;1000;0;0;62;250000;163611376;420591500;87884;79914592;218746100;49403;49396
AAS2DModeGridDS;synthetic;250000;1000;0;0;62;10;163611376;419875500;92710;100332556;72261040300;48763;48460
AAS2DModeGridDS;synthetic;250000;1000;0;0;62;100;163611376;419875500;96408;100332556;72261040300;109124;108516
AAS2DModeGridDS;synthetic;250000;1000;0;0;62;1000;163611376;419875500;103722;100332556;72261040300;368498;367523
AAS2DModeGridDS;synthetic;250000;1000;0;0;62;5000;163611376;419875500;104350;100332556;72261040300;640756;640417
AAS2DModeGridDS;synthetic;250000;1000;0;0;62;10000;163611376;419875500;106553;100332556;72261040300;764486;764690
AAS2DModeGridDS;synthetic;250000;1000;0;0;62;25000;163611376;419875500;106527;100332556;72261040300;869959;868568
AAS2DModeGridDS;synthetic;250000;1000;0;0;62;50000;163611376;419875500;105369;100332556;72261040300;898429;897762
AAS2DModeGridDS;synthetic;250000;1000;0;0;62;75000;163611376;419875500;104508;100332556;72261040300;890975;890234
AAS2DModeGridDS;synthetic;250000;1000;0;0;62;100000;163611376;419875500;102534;100332556;72261040300;858430;859106
AAS2DModeGridDS;synthetic;250000;1000;0;0;62;150000;163611376;419875500;99922;100332556;72261040300;775001;774370
AAS2DModeGridDS;synthetic;250000;1000;0;0;62;200000;163611376;419875500;94796;100332556;72261040300;558320;557720
AAS2DModeGridDS;synthetic;250000;1000;0;0;62;250000;163611376;419875500;88563;100332556;72261040300;184155;184074
Amc::GridSelectColor;synthetic;250000;1000;0;0;62;10;163611376;423922700;92957;127394552;101591326900;15559;15169
Amc::GridSelectColor;synthetic;250000;1000;0;0;62;100;163611376;423922700;94894;127394552;101591326900;100268;100056
Amc::GridSelectColor;synthetic;250000;1000;0;0;62;1000;163611376;423922700;100766;127394552;101591326900;445954;445467
Amc::GridSelectColor;synthetic;250000;1000;0;0;62;5000;163611376;423922700;104902;127394552;101591326900;785263;785721
Amc::GridSelectColor;synthetic;250000;1000;0;0;62;10000;163611376;423922700;106239;127394552;101591326900;917895;918469
Amc::GridSelectColor;synthetic;250000;1000;0;0;62;25000;163611376;423922700;108004;127394552;101591326900;1070267;1070301
Amc::GridSelectColor;synthetic;250000;1000;0;0;62;50000;163611376;423922700;106105;127394552;101591326900;1125053;1125479
Amc::GridSelectColor;synthetic;250000;1000;0;0;62;75000;163611376;423922700;104643;127394552;101591326900;1164687;1168478
Amc::GridSelectColor;synthetic;250000;1000;0;0;62;100000;163611376;423922700;103171;127394552;101591326900;1107711;1106709
Amc::GridSelectColor;synthetic;250000;1000;0;0;62;150000;163611376;423922700;98394;127394552;101591326900;1005671;1004217
Amc::GridSelectColor;synthetic;250000;1000;0;0;62;200000;163611376;423922700;93845;127394552;101591326900;756264;754907
Amc::GridSelectColor;synthetic;250000;1000;0;0;62;250000;163611376;423922700;88034;127394552;101591326900;344265;344186
AAS2DModeReportDS;synthetic;250000;5000;0;0;62;10;163611376;426170100;95730;159611376;427443900;3820;3700
AAS2DModeReportDS;synthetic;250000;5000;0;0;62;100;163611376;426170100;96686;159611376;427443900;13605;13479
AAS2DModeReportDS;synthetic;250000;5000;0;0;62;1000;163611376;426170100;100984;159611376;427443900;117040;116876
AAS2DModeReportDS;synthetic;250000;5000;0;0;62;5000;163611376;426170100;104874;159611376;427443900;545250;545036
AAS2DModeReportDS;synthetic;250000;5000;0;0;62;10000;163611376;426170100;105010;159611376;427443900;995235;995408
AAS2DModeReportDS;synthetic;250000;5000;0;0;62;25000;163611376;426170100;105287;159611376;427443900;2104322;2104059
AAS2DModeReportDS;synthetic;250000;5000;0;0;62;50000;163611376;426170100;105260;159611376;427443900;4181112;4181777
AAS2DModeReportDS;synthetic;250000;5000;0;0;62;75000;163611376;426170100;103997;159611376;427443900;6272274;6279771
AAS2DModeReportDS;synthetic;250000;5000;0;0;62;100000;163611376;426170100;103468;159611376;427443900;8353614;8352325
AAS2DModeReportDS;synthetic;250000;5000;0;0;62;150000;163611376;426170100;98618;159611376;427443900;12651232;12656322
AAS2DModeReportDS;synthetic;250000;5000;0;0;62;200000;163611376;426170100;93484;159611376;427443900;16295570;16228783
AAS2DModeReportDS;synthetic;250000;5000;0;0;62;250000;163611376;426170100;88390;159611376;427443900;19548508;19550475
AAS2DModePerColorDS;synthetic;250000;5000;0;0;62;10;163611376;421791900;93725;61694304;195427900;757184;757682
AAS2DModePerColorDS;synthetic;250000;5000;0;0;62;100;163611376;421791900;96445;61694304;195427900;1080173;1078908
AAS2DModePerColorDS;synthetic;250000;5000;0;0;62;1000;163611376;421791900;101837;61694304;195427900;1657495;1656600
AAS2DModePerColorDS;synthetic;250000;5000;0;0;62;5000;163611376;421791900;104567;61694304;195427900;2072123;2071927
AAS2DModePerColorDS;synthetic;250000;5000;0;0;62;10000;163611376;421791900;106803;61694304;195427900;2227293;2225682
AAS2DModePerColorDS;synthetic;250000;5000;0;0;62;25000;163611376;421791900;106786;61694304;195427900;2354153;2353362
AAS2DModePerColorDS;synthetic;250000;5000;0;0;62;50000;163611376;421791900;105442;61694304;195427900;2381912;2383454
AAS2DModePerColorDS;synthetic;250000;5000;0;0;62;75000;163611376;421791900;104625;61694304;195427900;2297892;2297723
AAS2DModePerColorDS;synthetic;250000;5000;0;0;62;100000;163611376;421791900;103598;61694304;195427900;2265510;2265530
AAS2DModePerColorDS;synthetic;250000;5000;0;0;62;150000;163611376;421791900;99204;61694304;195427900;2042237;2040752
AAS2DModePerColorDS;synthetic;250000;5000;0;0;62;200000;163611376;421791900;93740;61694304;195427900;1443281;1443920
AAS2DModePerColorDS;synthetic;250000;5000;0;0;62;250000;163611376;421791900;88469;61694304;195427900;210845;210827
AAS2DModeGridDS;synthetic;250000;5000;0;0;62;10;163611376;426437800;93883;82120236;121693940600;46994;46767
AAS2DModeGridDS;synthetic;250000;5000;0;0;62;100;163611376;426437800;96675;82120236;121693940600;91848;91104
AAS2DModeGridDS;synthetic;250000;5000;0;0;62;1000;163611376;426437800;101894;82120236;121693940600;339668;338396
AAS2DModeGridDS;synthetic;250000;5000;0;0;62;5000;163611376;426437800;105238;82120236;121693940600;732956;731715
AAS2DModeGridDS;synthetic;250000;5000;0;0;62;10000;163611376;426437800;106547;82120236;121693940600;1000788;998970
AAS2DModeGridDS;synthetic;250000;5000;0;0;62;25000;163611376;426437800;107322;82120236;121693940600;1456103;1453311
AAS2DModeGridDS;synthetic;250000;5000;0;0;62;50000;163611376;426437800;106582;82120236;121693940600;1857223;1853626
AAS2DModeGridDS;synthetic;250000;5000;0;0;62;75000;163611376;426437800;105073;82120236;121693940600;2085023;2086294
AAS2DModeGridDS;synthetic;250000;5000;0;0;62;100000;163611376;426437800;103757;82120236;121693940600;2219121;2216047
AAS2DModeGridDS;synthetic;250000;5000;0;0;62;150000;163611376;426437800;98937;82120236;121693940600;2573432;2603137
AAS2DModeGridDS;synthetic;250000;5000;0;0;62;200000;163611376;426437800;100856;82120236;121693940600;2152058;2143217
AAS2DModeGridDS;synthetic;250000;5000;0;0;62;250000;163611376;426437800;93039;82120236;121693940600;723796;723224
Amc::GridSelectColor;synthetic;250000;5000;0;0;62;10;163611376;451754800;93559;107799128;172264545400;14094;13720
Amc::GridSelectColor;synthetic;250000;5000;0;0;62;100;163611376;451754800;96253;107799128;172264545400;84412;83865
Amc::GridSelectColor;synthetic;250000;5000;0;0;62;1000;163611376;451754800;102342;107799128;172264545400;438514;439038
Amc::GridSelectColor;synthetic;250000;5000;0;0;62;5000;163611376;451754800;105472;107799128;172264545400;996392;996939
Amc::GridSelectColor;synthetic;250000;5000;0;0;62;10000;163611376;451754800;224087;107799128;172264545400;1378043;1378579
Amc::GridSelectColor;synthetic;250000;5000;0;0;62;25000;163611376;451754800;225445;107799128;172264545400;2014325;2008336
Amc::GridSelectColor;synthetic;250000;5000;0;0;62;50000;163611376;451754800;223914;107799128;172264545400;2527468;2524136
Amc::GridSelectColor;synthetic;250000;5000;0;0;62;75000;163611376;451754800;221909;107799128;172264545400;2801927;2802388
Amc::GridSelectColor;synthetic;250000;5000;0;0;62;100000;163611376;451754800;222554;107799128;172264545400;3074891;3070790
Amc::GridSelectColor;synthetic;250000;5000;0;0;62;150000;163611376;451754800;215742;107799128;172264545400;3138971;3145427
Amc::GridSelectColor;synthetic;250000;5000;0;0;62;200000;163611376;451754800;205225;107799128;172264545400;2795800;2792359
Amc::GridSelectColor;synthetic;250000;5000;0;0;62;250000;163611376;451754800;190710;107799128;172264545400;1251527;1251456
AAS2DModeReportDS;synthetic;250000;10000;0;0;62;10;163611376;424646800;91996;159611376;424985500;3852;3731
AAS2DModeReportDS;synthetic;250000;10000;0;0;62;100;163611376;424646800;95029;159611376;424985500;13552;13400
AAS2DModeReportDS;synthetic;250000;10000;0;0;62;1000;163611376;424646800;100227;159611376;424985500;121316;121138
AAS2DModeReportDS;synthetic;250000;10000;0;0;62;5000;163611376;424646800;104485;159611376;424985500;603658;603309
AAS2DModeReportDS;synthetic;250000;10000;0;0;62;10000;163611376;424646800;106006;159611376;424985500;1180820;1180909
AAS2DModeReportDS;synthetic;250000;10000;0;0;62;25000;163611376;424646800;106104;159611376;424985500;2645275;2644912
AAS2DModeReportDS;synthetic;250000;10000;0;0;62;50000;163611376;424646800;104898;159611376;424985500;5646032;5699812
AAS2DModeReportDS;synthetic;250000;10000;0;0;62;75000;163611376;424646800;118347;159611376;424985500;8305559;8208126
AAS2DModeReportDS;synthetic;250000;10000;0;0;62;100000;163611376;424646800;102436;159611376;424985500;9921014;9928545
AAS2DModeReportDS;synthetic;250000;10000;0;0;62;150000;163611376;424646800;97491;159611376;424985500;14570417;14569367
AAS2DModeReportDS;synthetic;250000;10000;0;0;62;200000;163611376;424646800;92160;159611376;424985500;19361558;19377855
AAS2DModeReportDS;synthetic;250000;10000;0;0;62;250000;163611376;424646800;86862;159611376;424985500;24884348;24881424
AAS2DModePerColorDS;synthetic;250000;10000;0;0;62;10;163611376;429904700;93630;53679392;192901600;1064583;1058129
AAS2DModePerColorDS;synthetic;250000;10000;0;0;62;100;163611376;429904700;96507;53679392;192901600;1435125;1428586
AAS2DModePerColorDS;synthetic;250000;10000;0;0;62;1000;163611376;429904700;100911;53679392;192901600;2346111;2349190
AAS2DModePerColorDS;synthetic;250000;10000;0;0;62;5000;163611376;429904700;105432;53679392;192901600;3167121;3170024
AAS2DModePerColorDS;synthetic;250000;10000;0;0;62;10000;163611376;429904700;106112;53679392;192901600;3524349;3531395
AAS2DModePerColorDS;synthetic;250000;10000;0;0;62;25000;163611376;429904700;107667;53679392;192901600;3771614;3773591
AAS2DModePerColorDS;synthetic;250000;10000;0;0;62;50000;163611376;429904700;105045;53679392;192901600;3818478;3814421
AAS2DModePerColorDS;synthetic;250000;10000;0;0;62;75000;163611376;429904700;104472;53679392;192901600;3765072;3756246
AAS2DModePerColorDS;synthetic;250000;10000;0;0;62;100000;163611376;429904700;101934;53679392;192901600;3843416;3851278
AAS2DModePerColorDS;synthetic;250000;10000;0;0;62;150000;163611376;429904700;99704;53679392;192901600;3458840;3454716
AAS2DModePerColorDS;synthetic;250000;10000;0;0;62;200000;163611376;429904700;93686;53679392;192901600;2628237;2628411
AAS2DModePerColorDS;synthetic;250000;10000;0;0;62;250000;163611376;429904700;87911;53679392;192901600;410392;410245
AAS2DModeGridDS;synthetic;250000;10000;0;0;62;10;163611376;421919700;92842;74119052;157674256600;46369;46178
AAS2DModeGridDS;synthetic;250000;10000;0;0;62;100;163611376;421919700;96971;74119052;157674256600;86870;86477
AAS2DModeGridDS;synthetic;250000;10000;0;0;62;1000;163611376;421919700;106656;74119052;157674256600;303703;302505
AAS2DModeGridDS;synthetic;250000;10000;0;0;62;5000;163611376;421919700;106936;74119052;157674256600;690057;689682
AAS2DModeGridDS;synthetic;250000;10000;0;0;62;10000;163611376;421919700;112526;74119052;157674256600;952391;949689
AAS2DModeGridDS;synthetic;250000;10000;0;0;62;25000;163611376;421919700;107842;74119052;157674256600;1439135;1432992
AAS2DModeGridDS;synthetic;250000;10000;0;0;62;50000;163611376;421919700;108577;74119052;157674256600;1950290;1944161
AAS2DModeGridDS;synthetic;250000;10000;0;0;62;75000;163611376;421919700;105063;74119052;157674256600;2272750;2265772
AAS2DModeGridDS;synthetic;250000;10000;0;0;62;100000;163611376;421919700;103369;74119052;157674256600;2563715;2561766
AAS2DModeGridDS;synthetic;250000;10000;0;0;62;150000;163611376;421919700;98457;74119052;157674256600;2823908;2825217
AAS2DModeGridDS;synthetic;250000;10000;0;0;62;200000;163611376;421919700;94415;74119052;157674256600;2462444;2459642
AAS2DModeGridDS;synthetic;250000;10000;0;0;62;250000;163611376;421919700;88114;74119052;157674256600;1040577;1040317
Amc::GridSelectColor;synthetic;250000;10000;0;0;62;10;163611376;428098600;91595;99079240;210532410100;13663;13310
Amc::GridSelectColor;synthetic;250000;10000;0;0;62;100;163611376;428098600;94390;99079240;210532410100;77437;77007
Amc::GridSelectColor;synthetic;250000;10000;0;0;62;1000;163611376;428098600;99797;99079240;210532410100;389484;388648
Amc::GridSelectColor;synthetic;250000;10000;0;0;62;5000;163611376;428098600;103952;99079240;210532410100;922427;923166
Amc::GridSelectColor;synthetic;250000;10000;0;0;62;10000;163611376;428098600;105210;99079240;210532410100;1263876;1263555
Amc::GridSelectColor;synthetic;250000;10000;0;0;62;25000;163611376;428098600;105682;99079240;210532410100;1968125;1970529
Amc::GridSelectColor;synthetic;250000;10000;0;0;62;50000;163611376;428098600;103728;99079240;210532410100;2633221;2632873
Amc::GridSelectColor;synthetic;250000;10000;0;0;62;75000;163611376;428098600;103513;99079240;210532410100;3060192;3060671
Amc::GridSelectColor;synthetic;250000;10000;0;0;62;100000;163611376;428098600;101284;99079240;210532410100;3424299;3421222
Amc::GridSelectColor;synthetic;250000;10000;0;0;62;150000;163611376;428098600;97811;99079240;210532410100;3778563;3774509
Amc::GridSelectColor;synthetic;250000;10000;0;0;62;200000;163611376;428098600;92430;99079240;210532410100;3573040;3570940
Amc::GridSelectColor;synthetic;250000;10000;0;0;62;250000;163611376;428098600;87143;99079240;210532410100;1797253;1797071
AAS2DModeReportDS;synthetic;250000;25000;0;0;62;10;163611376;428122100;107465;159611376;463076300;3908;3794
AAS2DModeReportDS;synthetic;250000;25000;0;0;62;100;163611376;428122100;99537;159611376;463076300;14247;13210
AAS2DModeReportDS;synthetic;250000;25000;0;0;62;1000;163611376;428122100;100810;159611376;463076300;121266;121060
AAS2DModeReportDS;synthetic;250000;25000;0;0;62;5000;163611376;428122100;104386;159611376;463076300;637832;637666
AAS2DModeReportDS;synthetic;250000;25000;0;0;62;10000;163611376;428122100;105987;159611376;463076300;1451287;1466726
AAS2DModeReportDS;synthetic;250000;25000;0;0;62;25000;163611376;428122100;107600;159611376;463076300;3330665;3330756
AAS2DModeReportDS;synthetic;250000;25000;0;0;62;50000;163611376;428122100;106649;159611376;463076300;6680698;6680539
AAS2DModeReportDS;synthetic;250000;25000;0;0;62;75000;163611376;428122100;105367;159611376;463076300;9834993;9834601
AAS2DModeReportDS;synthetic;250000;25000;0;0;62;100000;163611376;428122100;106907;159611376;463076300;12810378;12811225
AAS2DModeReportDS;synthetic;250000;25000;0;0;62;150000;163611376;428122100;98675;159611376;463076300;18821239;18820793
AAS2DModeReportDS;synthetic;250000;25000;0;0;62;200000;163611376;428122100;93754;159611376;463076300;24733602;24730128
AAS2DModeReportDS;synthetic;250000;25000;0;0;62;250000;163611376;428122100;87722;159611376;463076300;30311318;30315492
AAS2DModePerColorDS;synthetic;250000;25000;0;0;62;10;163611376;423602800;92503;43233888;167814400;1533125;1527363
AAS2DModePerColorDS;synthetic;250000;25000;0;0;62;100;163611376;423602800;95583;43233888;167814400;1960065;1958503
AAS2DModePerColorDS;synthetic;250000;25000;0;0;62;1000;163611376;423602800;100162;43233888;167814400;3076405;3080018
AAS2DModePerColorDS;synthetic;250000;25000;0;0;62;5000;163611376;423602800;103484;43233888;167814400;4640969;4639546
AAS2DModePerColorDS;synthetic;250000;25000;0;0;62;10000;163611376;423602800;104565;43233888;167814400;5357009;5365045
AAS2DModePerColorDS;synthetic;250000;25000;0;0;62;25000;163611376;423602800;107165;43233888;167814400;6192715;6191108
AAS2DModePerColorDS;synthetic;250000;25000;0;0;62;50000;163611376;423602800;105672;43233888;167814400;6509524;6516966
AAS2DModePerColorDS;synthetic;250000;25000;0;0;62;75000;163611376;423602800;103647;43233888;167814400;6547200;6543748
AAS2DModePerColorDS;synthetic;250000;25000;0;0;62;100000;163611376;423602800;102651;43233888;167814400;6681873;6655066
AAS2DModePerColorDS;synthetic;250000;25000;0;0;62;150000;163611376;423602800;98475;43233888;167814400;6353381;6344502
AAS2DModePerColorDS;synthetic;250000;25000;0;0;62;200000;163611376;423602800;94017;43233888;167814400;4932033;4931370
AAS2DModePerColorDS;synthetic;250000;25000;0;0;62;250000;163611376;423602800;88555;43233888;167814400;1047324;1046971
AAS2DModeGridDS;synthetic;250000;25000;0;0;62;10;163611376;425862100;92049;63657420;224654435100;46316;46215
AAS2DModeGridDS;synthetic;250000;25000;0;0;62;100;163611376;425862100;95220;63657420;224654435100;79867;79430
AAS2DModeGridDS;synthetic;250000;25000;0;0;62;1000;163611376;425862100;100625;63657420;224654435100;255586;254401
AAS2DModeGridDS;synthetic;250000;25000;0;0;62;5000;163611376;425862100;104425;63657420;224654435100;573411;572493
AAS2DModeGridDS;synthetic;250000;25000;0;0;62;10000;163611376;425862100;106951;63657420;224654435100;810399;807500
AAS2DModeGridDS;synthetic;250000;25000;0;0;62;25000;163611376;425862100;106580;63657420;224654435100;1243017;1243815
AAS2DModeGridDS;synthetic;250000;25000;0;0;62;50000;163611376;425862100;104479;63657420;224654435100;1710186;1709015
AAS2DModeGridDS;synthetic;250000;25000;0;0;62;75000;163611376;425862100;103268;63657420;224654435100;2064387;2062801
AAS2DModeGridDS;synthetic;250000;25000;0;0;62;100000;163611376;425862100;101241;63657420;224654435100;2312730;2313039
AAS2DModeGridDS;synthetic;250000;25000;0;0;62;150000;163611376;425862100;97703;63657420;224654435100;2622064;2628684
AAS2DModeGridDS;synthetic;250000;25000;0;0;62;200000;163611376;425862100;92162;63657420;224654435100;2413412;2416093
AAS2DModeGridDS;synthetic;250000;25000;0;0;62;250000;163611376;425862100;86471;63657420;224654435100;1459807;1459547
Amc::GridSelectColor;synthetic;250000;25000;0;0;62;10;163611376;425552000;91597;87218952;261163070800;12890;12622
Amc::GridSelectColor;synthetic;250000;25000;0;0;62;100;163611376;425552000;95920;87218952;261163070800;71482;70723
Amc::GridSelectColor;synthetic;250000;25000;0;0;62;1000;163611376;425552000;100824;87218952;261163070800;353309;352840
Amc::GridSelectColor;synthetic;250000;25000;0;0;62;5000;163611376;425552000;104103;87218952;261163070800;799771;799478
Amc::GridSelectColor;synthetic;250000;25000;0;0;62;10000;163611376;425552000;228484;87218952;261163070800;1151105;1150604
Amc::GridSelectColor;synthetic;250000;25000;0;0;62;25000;163611376;425552000;229134;87218952;261163070800;1757702;1754356
Amc::GridSelectColor;synthetic;250000;25000;0;0;62;50000;163611376;425552000;230623;87218952;261163070800;2501982;2495359
Amc::GridSelectColor;synthetic;250000;25000;0;0;62;75000;163611376;425552000;227645;87218952;261163070800;2973095;2976383
Amc::GridSelectColor;synthetic;250000;25000;0;0;62;100000;163611376;425552000;226709;87218952;261163070800;3358613;3359391
Amc::GridSelectColor;synthetic;250000;25000;0;0;62;150000;163611376;425552000;220701;87218952;261163070800;3758126;3758691
Amc::GridSelectColor;synthetic;250000;25000;0;0;62;200000;163611376;425552000;210434;87218952;261163070800;3703227;3706669
Amc::GridSelectColor;synthetic;250000;25000;0;0;62;250000;163611376;425552000;196545;87218952;261163070800;2512959;2512357
AAS2DModeReportDS;synthetic;250000;50000;0;0;62;10;163611376;430386200;98484;159611376;431734800;3802;3685
AAS2DModeReportDS;synthetic;250000;50000;0;0;62;100;163611376;430386200;96463;159611376;431734800;13536;13392
AAS2DModeReportDS;synthetic;250000;50000;0;0;62;1000;163611376;430386200;102189;159611376;431734800;124401;124261
AAS2DModeReportDS;synthetic;250000;50000;0;0;62;5000;163611376;430386200;105241;159611376;431734800;675155;675026
AAS2DModeReportDS;synthetic;250000;50000;0;0;62;10000;163611376;430386200;106298;159611376;431734800;1425920;1425594
AAS2DModeReportDS;synthetic;250000;50000;0;0;62;25000;163611376;430386200;106870;159611376;431734800;3832957;3833638
AAS2DModeReportDS;synthetic;250000;50000;0;0;62;50000;163611376;430386200;105731;159611376;431734800;8036478;8037553
AAS2DModeReportDS;synthetic;250000;50000;0;0;62;75000;163611376;430386200;104023;159611376;431734800;12075928;12079594
AAS2DModeReportDS;synthetic;250000;50000;0;0;62;100000;163611376;430386200;103379;159611376;431734800;16069506;16093862
AAS2DModeReportDS;synthetic;250000;50000;0;0;62;150000;163611376;430386200;98754;159611376;431734800;23927794;23927529
AAS2DModeReportDS;synthetic;250000;50000;0;0;62;200000;163611376;430386200;93479;159611376;431734800;31451087;31453005
AAS2DModeReportDS;synthetic;250000;50000;0;0;62;250000;163611376;430386200;87783;159611376;431734800;38630056;38619556
AAS2DModePerColorDS;synthetic;250000;50000;0;0;62;10;163611376;431982500;92290;35353824;164269300;1836517;1833013
AAS2DModePerColorDS;synthetic;250000;50000;0;0;62;100;163611376;431982500;95736;35353824;164269300;2250063;2251967
AAS2DModePerColorDS;synthetic;250000;50000;0;0;62;1000;163611376;431982500;100255;35353824;164269300;3444336;3448882
AAS2DModePerColorDS;synthetic;250000;50000;0;0;62;5000;163611376;431982500;103972;35353824;164269300;5116434;5120838
AAS2DModePerColorDS;synthetic;250000;50000;0;0;62;10000;163611376;431982500;105388;35353824;164269300;6098771;6095777
AAS2DModePerColorDS;synthetic;250000;50000;0;0;62;25000;163611376;431982500;106363;35353824;164269300;7529660;7538615
AAS2DModePerColorDS;synthetic;250000;50000;0;0;62;50000;163611376;431982500;105393;35353824;164269300;8361032;8354648
AAS2DModePerColorDS;synthetic;250000;50000;0;0;62;75000;163611376;431982500;104611;35353824;164269300;8836474;8832507
AAS2DModePerColorDS;synthetic;250000;50000;0;0;62;100000;163611376;431982500;101716;35353824;164269300;9071562;9072869
AAS2DModePerColorDS;synthetic;250000;50000;0;0;62;150000;163611376;431982500;99234;35353824;164269300;8767758;8758413
AAS2DModePerColorDS;synthetic;250000;50000;0;0;62;200000;163611376;431982500;93387;35353824;164269300;6474489;6480882
AAS2DModePerColorDS;synthetic;250000;50000;0;0;62;250000;163611376;431982500;87994;35353824;164269300;2080474;2079963
AAS2DModeGridDS;synthetic;250000;50000;0;0;62;10;163611376;433892200;94746;55768332;279214362800;45793;45728
AAS2DModeGridDS;synthetic;250000;50000;0;0;62;100;163611376;433892200;96768;55768332;279214362800;75665;75343
AAS2DModeGridDS;synthetic;250000;50000;0;0;62;1000;163611376;433892200;102351;55768332;279214362800;226773;226136
AAS2DModeGridDS;synthetic;250000;50000;0;0;62;5000;163611376;433892200;105594;55768332;279214362800;488618;488436
AAS2DModeGridDS;synthetic;250000;50000;0;0;62;10000;163611376;433892200;107075;55768332;279214362800;676868;676561
AAS2DModeGridDS;synthetic;250000;50000;0;0;62;25000;163611376;433892200;106831;55768332;279214362800;1035431;1035599
AAS2DModeGridDS;synthetic;250000;50000;0;0;62;50000;163611376;433892200;106255;55768332;279214362800;1447177;1447082
AAS2DModeGridDS;synthetic;250000;50000;0;0;62;75000;163611376;433892200;104419;55768332;279214362800;1714057;1712196
AAS2DModeGridDS;synthetic;250000;50000;0;0;62;100000;163611376;433892200;103183;55768332;279214362800;1946170;1943592
AAS2DModeGridDS;synthetic;250000;50000;0;0;62;150000;163611376;433892200;99944;55768332;279214362800;2155936;2150864
AAS2DModeGridDS;synthetic;250000;50000;0;0;62;200000;163611376;433892200;93819;55768332;279214362800;2009760;2005771
AAS2DModeGridDS;synthetic;250000;50000;0;0;62;250000;163611376;433892200;87571;55768332;279214362800;1656854;1657014
Amc::GridSelectColor;synthetic;250000;50000;0;0;62;10;163611376;439231600;92066;77570448;351348295900;13162;12915
Amc::GridSelectColor;synthetic;250000;50000;0;0;62;100;163611376;439231600;94879;77570448;351348295900;69138;68436
Amc::GridSelectColor;synthetic;250000;50000;0;0;62;1000;163611376;439231600;100615;77570448;351348295900;326130;326042
Amc::GridSelectColor;synthetic;250000;50000;0;0;62;5000;163611376;439231600;104909;77570448;351348295900;764564;763938
Amc::GridSelectColor;synthetic;250000;50000;0;0;62;10000;163611376;439231600;106250;77570448;351348295900;1190074;1134713
Amc::GridSelectColor;synthetic;250000;50000;0;0;62;25000;163611376;439231600;109215;77570448;351348295900;1719507;1720029
Amc::GridSelectColor;synthetic;250000;50000;0;0;62;50000;163611376;439231600;104961;77570448;351348295900;2458898;2459950
Amc::GridSelectColor;synthetic;250000;50000;0;0;62;75000;163611376;439231600;103251;77570448;351348295900;2969481;2969236
Amc::GridSelectColor;synthetic;250000;50000;0;0;62;100000;163611376;439231600;102514;77570448;351348295900;3396132;3398923
Amc::GridSelectColor;synthetic;250000;50000;0;0;62;150000;163611376;439231600;97587;77570448;351348295900;3806478;3809019
Amc::GridSelectColor;synthetic;250000;50000;0;0;62;200000;163611376;439231600;93169;77570448;351348295900;3606791;3607792
Amc::GridSelectColor;synthetic;250000;50000;0;0;62;250000;163611376;439231600;86819;77570448;351348295900;3065027;3064791
AAS2DModeReportDS;synthetic;250000;75000;0;0;62;10;163611376;431724300;93809;159611376;421374100;3817;3701
AAS2DModeReportDS;synthetic;250000;75000;0;0;62;100;163611376;431724300;96520;159611376;421374100;13807;13669
AAS2DModeReportDS;synthetic;250000;75000;0;0;62;1000;163611376;431724300;100689;159611376;421374100;126080;125972
AAS2DModeReportDS;synthetic;250000;75000;0;0;62;5000;163611376;431724300;105320;159611376;421374100;693159;693001
AAS2DModeReportDS;synthetic;250000;75000;0;0;62;10000;163611376;431724300;106071;159611376;421374100;1489621;1490055
AAS2DModeReportDS;synthetic;250000;75000;0;0;62;25000;163611376;431724300;106644;159611376;421374100;4049186;4049124
AAS2DModeReportDS;synthetic;250000;75000;0;0;62;50000;163611376;431724300;105661;159611376;421374100;8712981;8713296
AAS2DModeReportDS;synthetic;250000;75000;0;0;62;75000;163611376;431724300;104346;159611376;421374100;13478713;13479273
AAS2DModeReportDS;synthetic;250000;75000;0;0;62;100000;163611376;431724300;102022;159611376;421374100;18100655;18098008
AAS2DModeReportDS;synthetic;250000;75000;0;0;62;150000;163611376;431724300;98143;159611376;421374100;26789658;26739600
AAS2DModeReportDS;synthetic;250000;75000;0;0;62;200000;163611376;431724300;93799;159611376;421374100;35213488;35235305
AAS2DModeReportDS;synthetic;250000;75000;0;0;62;250000;163611376;431724300;88066;159611376;421374100;42980466;42984906
AAS2DModePerColorDS;synthetic;250000;75000;0;0;62;10;163611376;439910700;93018;30672416;143321200;1849588;1849269
AAS2DModePerColorDS;synthetic;250000;75000;0;0;62;100;163611376;439910700;96211;30672416;143321200;2232814;2227924
AAS2DModePerColorDS;synthetic;250000;75000;0;0;62;1000;163611376;439910700;100750;30672416;143321200;3467725;3478954
AAS2DModePerColorDS;synthetic;250000;75000;0;0;62;5000;163611376;439910700;104729;30672416;143321200;4930150;4933119
AAS2DModePerColorDS;synthetic;250000;75000;0;0;62;10000;163611376;439910700;106075;30672416;143321200;5920279;5922825
AAS2DModePerColorDS;synthetic;250000;75000;0;0;62;25000;163611376;439910700;107164;30672416;143321200;7485567;7490585
AAS2DModePerColorDS;synthetic;250000;75000;0;0;62;50000;163611376;439910700;106521;30672416;143321200;8723244;8707472
AAS2DModePerColorDS;synthetic;250000;75000;0;0;62;75000;163611376;439910700;105223;30672416;143321200;9370087;9361321
AAS2DModePerColorDS;synthetic;250000;75000;0;0;62;100000;163611376;439910700;103205;30672416;143321200;9704772;9696542
AAS2DModePerColorDS;synthetic;250000;75000;0;0;62;150000;163611376;439910700;99192;30672416;143321200;9260323;9256012
AAS2DModePerColorDS;synthetic;250000;75000;0;0;62;200000;163611376;439910700;94350;30672416;143321200;7021047;7005340
AAS2DModePerColorDS;synthetic;250000;75000;0;0;62;250000;163611376;439910700;88110;30672416;143321200;3105503;3105618
AAS2DModeGridDS;synthetic;250000;75000;0;0;62;10;163611376;431454700;93671;51101228;310191657600;45504;45427
AAS2DModeGridDS;synthetic;250000;75000;0;0;62;100;163611376;431454700;97044;51101228;310191657600;72836;72621
AAS2DModeGridDS;synthetic;250000;75000;0;0;62;1000;163611376;431454700;102838;51101228;310191657600;206725;206069
AAS2DModeGridDS;synthetic;250000;75000;0;0;62;5000;163611376;431454700;105154;51101228;310191657600;440797;439191
AAS2DModeGridDS;synthetic;250000;75000;0;0;62;10000;163611376;431454700;106205;51101228;310191657600;602087;601061
AAS2DModeGridDS;synthetic;250000;75000;0;0;62;25000;163611376;431454700;107002;51101228;310191657600;906946;906504
AAS2DModeGridDS;synthetic;250000;75000;0;0;62;50000;163611376;431454700;106680;51101228;310191657600;1245247;1241809
AAS2DModeGridDS;synthetic;250000;75000;0;0;62;75000;163611376;431454700;105750;51101228;310191657600;1487618;1487101
AAS2DModeGridDS;synthetic;250000;75000;0;0;62;100000;163611376;431454700;103884;51101228;310191657600;1690134;1689408
AAS2DModeGridDS;synthetic;250000;75000;0;0;62;150000;163611376;431454700;98589;51101228;310191657600;1928332;1931085
AAS2DModeGridDS;synthetic;250000;75000;0;0;62;200000;163611376;431454700;93833;51101228;310191657600;1886167;1885863
AAS2DModeGridDS;synthetic;250000;75000;0;0;62;250000;163611376;431454700;87786;51101228;310191657600;1764157;1763427
Amc::GridSelectColor;synthetic;250000;75000;0;0;62;10;163611376;430992400;93259;71277192;376113940300;12565;12222
Amc::GridSelectColor;synthetic;250000;75000;0;0;62;100;163611376;430992400;96943;71277192;376113940300;64015;63253
Amc::GridSelectColor;synthetic;250000;75000;0;0;62;1000;163611376;430992400;102145;71277192;376113940300;297470;296661
Amc::GridSelectColor;synthetic;250000;75000;0;0;62;5000;163611376;430992400;106017;71277192;376113940300;664436;663302
Amc::GridSelectColor;synthetic;250000;75000;0;0;62;10000;163611376;430992400;106524;71277192;376113940300;913852;911510
Amc::GridSelectColor;synthetic;250000;75000;0;0;62;25000;163611376;430992400;106636;71277192;376113940300;1422492;1421760
Amc::GridSelectColor;synthetic;250000;75000;0;0;62;50000;163611376;430992400;104911;71277192;376113940300;2028038;2028155
Amc::GridSelectColor;synthetic;250000;75000;0;0;62;75000;163611376;430992400;103620;71277192;376113940300;2449952;2452386
Amc::GridSelectColor;synthetic;250000;75000;0;0;62;100000;163611376;430992400;122861;71277192;376113940300;3407419;3293231
Amc::GridSelectColor;synthetic;250000;75000;0;0;62;150000;163611376;430992400;109336;71277192;376113940300;3713415;3711095
Amc::GridSelectColor;synthetic;250000;75000;0;0;62;200000;163611376;430992400;94594;71277192;376113940300;3159338;3154464
Amc::GridSelectColor;synthetic;250000;75000;0;0;62;250000;163611376;430992400;86653;71277192;376113940300;3018141;3018675
AAS2DModeReportDS;synthetic;250000;100000;0;0;62;10;163611376;430697900;92082;159611376;417366200;3881;3769
AAS2DModeReportDS;synthetic;250000;100000;0;0;62;100;163611376;430697900;95433;159611376;417366200;13599;13454
AAS2DModeReportDS;synthetic;250000;100000;0;0;62;1000;163611376;430697900;100649;159611376;417366200;127451;127285
AAS2DModeReportDS;synthetic;250000;100000;0;0;62;5000;163611376;430697900;104318;159611376;417366200;702181;702144
AAS2DModeReportDS;synthetic;250000;100000;0;0;62;10000;163611376;430697900;105357;159611376;417366200;1515707;1515911
AAS2DModeReportDS;synthetic;250000;100000;0;0;62;25000;163611376;430697900;106654;159611376;417366200;4202536;4207310
AAS2DModeReportDS;synthetic;250000;100000;0;0;62;50000;163611376;430697900;114904;159611376;417366200;9007172;9006883
AAS2DModeReportDS;synthetic;250000;100000;0;0;62;75000;163611376;430697900;104132;159611376;417366200;13925072;13923955
AAS2DModeReportDS;synthetic;250000;100000;0;0;62;100000;163611376;430697900;102240;159611376;417366200;18731712;18729321
AAS2DModeReportDS;synthetic;250000;100000;0;0;62;150000;163611376;430697900;98514;159611376;417366200;28919644;28972264
AAS2DModeReportDS;synthetic;250000;100000;0;0;62;200000;163611376;430697900;93552;159611376;417366200;38114550;38018595
AAS2DModeReportDS;synthetic;250000;100000;0;0;62;250000;163611376;430697900;87555;159611376;417366200;46873870;46865816
AAS2DModePerColorDS;synthetic;250000;100000;0;0;62;10;163611376;434422600;92964;27136800;138078800;1787419;1788030
AAS2DModePerColorDS;synthetic;250000;100000;0;0;62;100;163611376;434422600;97612;27136800;138078800;2177500;2183580
AAS2DModePerColorDS;synthetic;250000;100000;0;0;62;1000;163611376;434422600;102013;27136800;138078800;3173790;3168797
AAS2DModePerColorDS;synthetic;250000;100000;0;0;62;5000;163611376;434422600;105126;27136800;138078800;4572540;4568468
AAS2DModePerColorDS;synthetic;250000;100000;0;0;62;10000;163611376;434422600;106981;27136800;138078800;5489606;5482324
AAS2DModePerColorDS;synthetic;250000;100000;0;0;62;25000;163611376;434422600;106959;27136800;138078800;7167552;7186432
AAS2DModePerColorDS;synthetic;250000;100000;0;0;62;50000;163611376;434422600;104985;27136800;138078800;8324155;8309928
AAS2DModePerColorDS;synthetic;250000;100000;0;0;62;75000;163611376;434422600;105593;27136800;138078800;9065016;9068751
AAS2DModePerColorDS;synthetic;250000;100000;0;0;62;100000;163611376;434422600;103071;27136800;138078800;9493939;9504439
AAS2DModePerColorDS;synthetic;250000;100000;0;0;62;150000;163611376;434422600;98763;27136800;138078800;9145108;9141928
AAS2DModePerColorDS;synthetic;250000;100000;0;0;62;200000;163611376;434422600;94255;27136800;138078800;7351602;7351763
AAS2DModePerColorDS;synthetic;250000;100000;0;0;62;250000;163611376;434422600;87825;27136800;138078800;4172935;4174916
AAS2DModeGridDS;synthetic;250000;100000;0;0;62;10;163611376;432785200;93888;47554444;335902902900;44945;44893
AAS2DModeGridDS;synthetic;250000;100000;0;0;62;100;163611376;432785200;97610;47554444;335902902900;71302;70975
AAS2DModeGridDS;synthetic;250000;100000;0;0;62;1000;163611376;432785200;102283;47554444;335902902900;193977;193754
AAS2DModeGridDS;synthetic;250000;100000;0;0;62;5000;163611376;432785200;105410;47554444;335902902900;405603;404400
AAS2DModeGridDS;synthetic;250000;100000;0;0;62;10000;163611376;432785200;107665;47554444;335902902900;554607;554049
AAS2DModeGridDS;synthetic;250000;100000;0;0;62;25000;163611376;432785200;107570;47554444;335902902900;838815;836607
AAS2DModeGridDS;synthetic;250000;100000;0;0;62;50000;163611376;432785200;107187;47554444;335902902900;1157066;1157912
AAS2DModeGridDS;synthetic;250000;100000;0;0;62;75000;163611376;432785200;105542;47554444;335902902900;1370039;1367675
AAS2DModeGridDS;synthetic;250000;100000;0;0;62;100000;163611376;432785200;104137;47554444;335902902900;1538120;1536711
AAS2DModeGridDS;synthetic;250000;100000;0;0;62;150000;163611376;432785200;99861;47554444;335902902900;1842108;1856100
AAS2DModeGridDS;synthetic;250000;100000;0;0;62;200000;163611376;432785200;93890;47554444;335902902900;1737874;1736996
AAS2DModeGridDS;synthetic;250000;100000;0;0;62;250000;163611376;432785200;88355;47554444;335902902900;1794736;1794382
Amc::GridSelectColor;synthetic;250000;100000;0;0;62;10;163611376;437820200;91961;66176096;429778691300;12399;12157
Amc::GridSelectColor;synthetic;250000;100000;0;0;62;100;163611376;437820200;95725;66176096;429778691300;62668;61957
Amc::GridSelectColor;synthetic;250000;100000;0;0;62;1000;163611376;437820200;100950;66176096;429778691300;277962;277116
Amc::GridSelectColor;synthetic;250000;100000;0;0;62;5000;163611376;437820200;104538;66176096;429778691300;642283;642982
Amc::GridSelectColor;synthetic;250000;100000;0;0;62;10000;163611376;437820200;106233;66176096;429778691300;905208;900225
Amc::GridSelectColor;synthetic;250000;100000;0;0;62;25000;163611376;437820200;106130;66176096;429778691300;1385909;1385086
Amc::GridSelectColor;synthetic;250000;100000;0;0;62;50000;163611376;437820200;105219;66176096;429778691300;1965347;1967702
Amc::GridSelectColor;synthetic;250000;100000;0;0;62;75000;163611376;437820200;102784;66176096;429778691300;2359816;2358576
Amc::GridSelectColor;synthetic;250000;100000;0;0;62;100000;163611376;437820200;101719;66176096;429778691300;2667607;2664249
Amc::GridSelectColor;synthetic;250000;100000;0;0;62;150000;163611376;437820200;98093;66176096;429778691300;2994367;2991264
Amc::GridSelectColor;synthetic;250000;100000;0;0;62;200000;163611376;437820200;93675;66176096;429778691300;3104893;3106970
Amc::GridSelectColor;synthetic;250000;100000;0;0;62;250000;163611376;437820200;86908;66176096;429778691300;3249480;3249034
AAS2DModeReportDS;synthetic;250000;125000;0;0;62;10;163611376;438519700;92517;159611376;434608500;3836;3714
AAS2DModeReportDS;synthetic;250000;125000;0;0;62;100;163611376;438519700;102063;159611376;434608500;13649;13371
AAS2DModeReportDS;synthetic;250000;125000;0;0;62;1000;163611376;438519700;100493;159611376;434608500;127365;127283
AAS2DModeReportDS;synthetic;250000;125000;0;0;62;5000;163611376;438519700;103643;159611376;434608500;697993;697907
AAS2DModeReportDS;synthetic;250000;125000;0;0;62;10000;163611376;438519700;105089;159611376;434608500;1502317;1502115
AAS2DModeReportDS;synthetic;250000;125000;0;0;62;25000;163611376;438519700;105404;159611376;434608500;4201867;4201475
AAS2DModeReportDS;synthetic;250000;125000;0;0;62;50000;163611376;438519700;105416;159611376;434608500;9362808;9362215
AAS2DModeReportDS;synthetic;250000;125000;0;0;62;75000;163611376;438519700;102644;159611376;434608500;14911832;14919953
AAS2DModeReportDS;synthetic;250000;125000;0;0;62;100000;163611376;438519700;101922;159611376;434608500;20320867;20321184
AAS2DModeReportDS;synthetic;250000;125000;0;0;62;150000;163611376;438519700;97051;159611376;434608500;31650022;31648732
AAS2DModeReportDS;synthetic;250000;125000;0;0;62;200000;163611376;438519700;92000;159611376;434608500;42791342;42770275
AAS2DModeReportDS;synthetic;250000;125000;0;0;62;250000;163611376;438519700;85746;159611376;434608500;52439731;52424070
AAS2DModePerColorDS;synthetic;250000;125000;0;0;62;10;163611376;435716000;92505;24124064;127283300;1803271;1801353
AAS2DModePerColorDS;synthetic;250000;125000;0;0;62;100;163611376;435716000;98835;24124064;127283300;2144838;2151285
AAS2DModePerColorDS;synthetic;250000;125000;0;0;62;1000;163611376;435716000;100187;24124064;127283300;3047915;3047788
AAS2DModePerColorDS;synthetic;250000;125000;0;0;62;5000;163611376;435716000;104021;24124064;127283300;4414841;4412751
AAS2DModePerColorDS;synthetic;250000;125000;0;0;62;10000;163611376;435716000;105827;24124064;127283300;5285486;5275495
AAS2DModePerColorDS;synthetic;250000;125000;0;0;62;25000;163611376;435716000;106405;24124064;127283300;6902837;6916378
AAS2DModePerColorDS;synthetic;250000;125000;0;0;62;50000;163611376;435716000;105066;24124064;127283300;8115788;8113066
AAS2DModePerColorDS;synthetic;250000;125000;0;0;62;75000;163611376;435716000;103887;24124064;127283300;8835761;8833693
AAS2DModePerColorDS;synthetic;250000;125000;0;0;62;100000;163611376;435716000;102320;24124064;127283300;9320136;9313722
AAS2DModePerColorDS;synthetic;250000;125000;0;0;62;150000;163611376;435716000;97415;24124064;127283300;9074229;9070887
AAS2DModePerColorDS;synthetic;250000;125000;0;0;62;200000;163611376;435716000;91971;24124064;127283300;7691925;7690504
AAS2DModePerColorDS;synthetic;250000;125000;0;0;62;250000;163611376;435716000;87184;24124064;127283300;5217391;5217087
AAS2DModeGridDS;synthetic;250000;125000;0;0;62;10;163611376;437343300;92942;44554412;348500894400;44692;44649
AAS2DModeGridDS;synthetic;250000;125000;0;0;62;100;163611376;437343300;97080;44554412;348500894400;68731;68494
AAS2DModeGridDS;synthetic;250000;125000;0;0;62;1000;163611376;437343300;100768;44554412;348500894400;174477;173964
AAS2DModeGridDS;synthetic;250000;125000;0;0;62;5000;163611376;437343300;103850;44554412;348500894400;368641;367792
AAS2DModeGridDS;synthetic;250000;125000;0;0;62;10000;163611376;437343300;106084;44554412;348500894400;500073;499071
AAS2DModeGridDS;synthetic;250000;125000;0;0;62;25000;163611376;437343300;107514;44554412;348500894400;738002;737628
AAS2DModeGridDS;synthetic;250000;125000;0;0;62;50000;163611376;437343300;104671;44554412;348500894400;1019311;1018656
AAS2DModeGridDS;synthetic;250000;125000;0;0;62;75000;163611376;437343300;102955;44554412;348500894400;1200543;1200701
AAS2DModeGridDS;synthetic;250000;125000;0;0;62;100000;163611376;437343300;103415;44554412;348500894400;1530392;1547983
AAS2DModeGridDS;synthetic;250000;125000;0;0;62;150000;163611376;437343300;99340;44554412;348500894400;1526790;1525556
AAS2DModeGridDS;synthetic;250000;125000;0;0;62;200000;163611376;437343300;94085;44554412;348500894400;1581732;1580244
AAS2DModeGridDS;synthetic;250000;125000;0;0;62;250000;163611376;437343300;88270;44554412;348500894400;1753351;1753294
Amc::GridSelectColor;synthetic;250000;125000;0;0;62;10;163611376;440173600;92468;61650104;453394323200;12384;12179
Amc::GridSelectColor;synthetic;250000;125000;0;0;62;100;163611376;440173600;95632;61650104;453394323200;59371;58855
Amc::GridSelectColor;synthetic;250000;125000;0;0;62;1000;163611376;440173600;100934;61650104;453394323200;270870;270591
Amc::GridSelectColor;synthetic;250000;125000;0;0;62;5000;163611376;440173600;105419;61650104;453394323200;618636;617950
Amc::GridSelectColor;synthetic;250000;125000;0;0;62;10000;163611376;440173600;106510;61650104;453394323200;875659;874834
Amc::GridSelectColor;synthetic;250000;125000;0;0;62;25000;163611376;440173600;107233;61650104;453394323200;1323435;1321401
Amc::GridSelectColor;synthetic;250000;125000;0;0;62;50000;163611376;440173600;105653;61650104;453394323200;1851117;1846479
Amc::GridSelectColor;synthetic;250000;125000;0;0;62;75000;163611376;440173600;103996;61650104;453394323200;2209227;2207726
Amc::GridSelectColor;synthetic;250000;125000;0;0;62;100000;163611376;440173600;103471;61650104;453394323200;2523786;2519368
Amc::GridSelectColor;synthetic;250000;125000;0;0;62;150000;163611376;440173600;99211;61650104;453394323200;2870888;2871211
Amc::GridSelectColor;synthetic;250000;125000;0;0;62;200000;163611376;440173600;93910;61650104;453394323200;3067335;3067449
Amc::GridSelectColor;synthetic;250000;125000;0;0;62;250000;163611376;440173600;89969;61650104;453394323200;3301276;3299673
AAS2DModeReportDS;synthetic;250000;150000;0;0;62;10;163611376;439198800;91736;159611376;433901900;3888;3742
AAS2DModeReportDS;synthetic;250000;150000;0;0;62;100;163611376;439198800;100811;159611376;433901900;13764;13576
AAS2DModeReportDS;synthetic;250000;150000;0;0;62;1000;163611376;439198800;100114;159611376;433901900;127791;127670
AAS2DModeReportDS;synthetic;250000;150000;0;0;62;5000;163611376;439198800;103299;159611376;433901900;707143;706871
AAS2DModeReportDS;synthetic;250000;150000;0;0;62;10000;163611376;439198800;104697;159611376;433901900;1530912;1530560
AAS2DModeReportDS;synthetic;250000;150000;0;0;62;25000;163611376;439198800;105555;159611376;433901900;4299349;4299179
AAS2DModeReportDS;synthetic;250000;150000;0;0;62;50000;163611376;439198800;104154;159611376;433901900;9543346;9543617
AAS2DModeReportDS;synthetic;250000;150000;0;0;62;75000;163611376;439198800;103091;159611376;433901900;15309173;15314013
AAS2DModeReportDS;synthetic;250000;150000;0;0;62;100000;163611376;439198800;102657;159611376;433901900;21065089;21065339
AAS2DModeReportDS;synthetic;250000;150000;0;0;62;150000;163611376;439198800;97159;159611376;433901900;33270060;33271961
AAS2DModeReportDS;synthetic;250000;150000;0;0;62;200000;163611376;439198800;92247;159611376;433901900;45323224;45271317
AAS2DModeReportDS;synthetic;250000;150000;0;0;62;250000;163611376;439198800;87162;159611376;433901900;56738519;56762244
AAS2DModePerColorDS;synthetic;250000;150000;0;0;62;10;163611376;441194900;92869;21427264;124802500;1853628;1851352
AAS2DModePerColorDS;synthetic;250000;150000;0;0;62;100;163611376;441194900;97587;21427264;124802500;2159066;2154533
AAS2DModePerColorDS;synthetic;250000;150000;0;0;62;1000;163611376;441194900;102676;21427264;124802500;3027300;3031100
AAS2DModePerColorDS;synthetic;250000;150000;0;0;62;5000;163611376;441194900;105978;21427264;124802500;4370388;4376237
AAS2DModePerColorDS;synthetic;250000;150000;0;0;62;10000;163611376;441194900;106040;21427264;124802500;5006724;5001580
AAS2DModePerColorDS;synthetic;250000;150000;0;0;62;25000;163611376;441194900;108222;21427264;124802500;6382017;6380866
AAS2DModePerColorDS;synthetic;250000;150000;0;0;62;50000;163611376;441194900;105261;21427264;124802500;7696358;7708117
AAS2DModePerColorDS;synthetic;250000;150000;0;0;62;75000;163611376;441194900;104698;21427264;124802500;8514458;8511252
AAS2DModePerColorDS;synthetic;250000;150000;0;0;62;100000;163611376;441194900;103446;21427264;124802500;8962772;8961447
AAS2DModePerColorDS;synthetic;250000;150000;0;0;62;150000;163611376;441194900;99242;21427264;124802500;8963954;8964400
AAS2DModePerColorDS;synthetic;250000;150000;0;0;62;200000;163611376;441194900;94392;21427264;124802500;7919434;7921566
AAS2DModePerColorDS;synthetic;250000;150000;0;0;62;250000;163611376;441194900;87705;21427264;124802500;5910580;5906840
AAS2DModeGridDS;synthetic;250000;150000;0;0;62;10;163611376;440331900;94033;41853004;363350534600;44731;44621
AAS2DModeGridDS;synthetic;250000;150000;0;0;62;100;163611376;440331900;97277;41853004;363350534600;66563;66106
AAS2DModeGridDS;synthetic;250000;150000;0;0;62;1000;163611376;440331900;102877;41853004;363350534600;166231;166086
AAS2DModeGridDS;synthetic;250000;150000;0;0;62;5000;163611376;440331900;106240;41853004;363350534600;340509;340143
AAS2DModeGridDS;synthetic;250000;150000;0;0;62;10000;163611376;440331900;107194;41853004;363350534600;461924;461738
AAS2DModeGridDS;synthetic;250000;150000;0;0;62;25000;163611376;440331900;107745;41853004;363350534600;680393;678851
AAS2DModeGridDS;synthetic;250000;150000;0;0;62;50000;163611376;440331900;106322;41853004;363350534600;939176;938090
AAS2DModeGridDS;synthetic;250000;150000;0;0;62;75000;163611376;440331900;105816;41853004;363350534600;1127198;1127791
AAS2DModeGridDS;synthetic;250000;150000;0;0;62;100000;163611376;440331900;104220;41853004;363350534600;1275363;1276647
AAS2DModeGridDS;synthetic;250000;150000;0;0;62;150000;163611376;440331900;100321;41853004;363350534600;1457675;1457540
AAS2DModeGridDS;synthetic;250000;150000;0;0;62;200000;163611376;440331900;94377;41853004;363350534600;1587138;1589009
AAS2DModeGridDS;synthetic;250000;150000;0;0;62;250000;163611376;440331900;89701;41853004;363350534600;1785323;1784689
Amc::GridSelectColor;synthetic;250000;150000;0;0;62;10;163611376;447504600;106098;57434568;487182763700;13718;13438
Amc::GridSelectColor;synthetic;250000;150000;0;0;62;100;163611376;447504600;110023;57434568;487182763700;68708;68058
Amc::GridSelectColor;synthetic;250000;150000;0;0;62;1000;163611376;447504600;114329;57434568;487182763700;294168;293666
Amc::GridSelectColor;synthetic;250000;150000;0;0;62;5000;163611376;447504600;118588;57434568;487182763700;688943;687635
Amc::GridSelectColor;synthetic;250000;150000;0;0;62;10000;163611376;447504600;121322;57434568;487182763700;993597;994111
Amc::GridSelectColor;synthetic;250000;150000;0;0;62;25000;163611376;447504600;120840;57434568;487182763700;1520270;1522567
Amc::GridSelectColor;synthetic;250000;150000;0;0;62;50000;163611376;447504600;120534;57434568;487182763700;1782750;1765365
Amc::GridSelectColor;synthetic;250000;150000;0;0;62;75000;163611376;447504600;106625;57434568;487182763700;2095226;2093299
Amc::GridSelectColor;synthetic;250000;150000;0;0;62;100000;163611376;447504600;103298;57434568;487182763700;2406930;2405594
Amc::GridSelectColor;synthetic;250000;150000;0;0;62;150000;163611376;447504600;99003;57434568;487182763700;2747109;2748750
Amc::GridSelectColor;synthetic;250000;150000;0;0;62;200000;163611376;447504600;94198;57434568;487182763700;2976013;2975684
Amc::GridSelectColor;synthetic;250000;150000;0;0;62;250000;163611376;447504600;88187;57434568;487182763700;3368264;3367212
AAS2DModeReportDS;synthetic;250000;175000;0;0;62;10;163611376;441690800;91381;159611376;421801400;3985;3846
AAS2DModeReportDS;synthetic;250000;175000;0;0;62;100;163611376;441690800;94850;159611376;421801400;13583;13387
AAS2DModeReportDS;synthetic;250000;175000;0;0;62;1000;163611376;441690800;100933;159611376;421801400;131128;130982
AAS2DModeReportDS;synthetic;250000;175000;0;0;62;5000;163611376;441690800;104220;159611376;421801400;722453;722240
AAS2DModeReportDS;synthetic;250000;175000;0;0;62;10000;163611376;441690800;105217;159611376;421801400;1682963;1695894
AAS2DModeReportDS;synthetic;250000;175000;0;0;62;25000;163611376;441690800;106327;159611376;421801400;4365865;4366494
AAS2DModeReportDS;synthetic;250000;175000;0;0;62;50000;163611376;441690800;104348;159611376;421801400;9663543;9663121
AAS2DModeReportDS;synthetic;250000;175000;0;0;62;75000;163611376;441690800;102957;159611376;421801400;15615303;15635732
AAS2DModeReportDS;synthetic;250000;175000;0;0;62;100000;163611376;441690800;102151;159611376;421801400;21821616;21823021
AAS2DModeReportDS;synthetic;250000;175000;0;0;62;150000;163611376;441690800;97385;159611376;421801400;34465607;34442261
AAS2DModeReportDS;synthetic;250000;175000;0;0;62;200000;163611376;441690800;93585;159611376;421801400;48416078;48381946
AAS2DModeReportDS;synthetic;250000;175000;0;0;62;250000;163611376;441690800;86944;159611376;421801400;62045257;62002708
AAS2DModePerColorDS;synthetic;250000;175000;0;0;62;10;163611376;442209400;94360;18919168;112865800;1536948;1540807
AAS2DModePerColorDS;synthetic;250000;175000;0;0;62;100;163611376;442209400;97650;18919168;112865800;1775387;1773692
AAS2DModePerColorDS;synthetic;250000;175000;0;0;62;1000;163611376;442209400;102153;18919168;112865800;2495933;2485453
AAS2DModePerColorDS;synthetic;250000;175000;0;0;62;5000;163611376;442209400;104770;18919168;112865800;3671133;3659604
AAS2DModePerColorDS;synthetic;250000;175000;0;0;62;10000;163611376;442209400;107418;18919168;112865800;4333836;4332543
AAS2DModePerColorDS;synthetic;250000;175000;0;0;62;25000;163611376;442209400;107303;18919168;112865800;5593218;5592979
AAS2DModePerColorDS;synthetic;250000;175000;0;0;62;50000;163611376;442209400;106754;18919168;112865800;6897875;6897991
AAS2DModePerColorDS;synthetic;250000;175000;0;0;62;75000;163611376;442209400;104961;18919168;112865800;7688182;7677074
AAS2DModePerColorDS;synthetic;250000;175000;0;0;62;100000;163611376;442209400;103991;18919168;112865800;8097460;8101258
AAS2DModePerColorDS;synthetic;250000;175000;0;0;62;150000;163611376;442209400;99734;18919168;112865800;8286486;8286889
AAS2DModePerColorDS;synthetic;250000;175000;0;0;62;200000;163611376;442209400;94227;18919168;112865800;7555950;7557050
AAS2DModePerColorDS;synthetic;250000;175000;0;0;62;250000;163611376;442209400;89187;18919168;112865800;6417289;6416962
AAS2DModeGridDS;synthetic;250000;175000;0;0;62;10;163611376;440833000;93753;39349996;380021150300;44281;44245
AAS2DModeGridDS;synthetic;250000;175000;0;0;62;100;163611376;440833000;97476;39349996;380021150300;64065;63852
AAS2DModeGridDS;synthetic;250000;175000;0;0;62;1000;163611376;440833000;102435;39349996;380021150300;151094;150761
AAS2DModeGridDS;synthetic;250000;175000;0;0;62;5000;163611376;440833000;106413;39349996;380021150300;316642;316084
AAS2DModeGridDS;synthetic;250000;175000;0;0;62;10000;163611376;440833000;108252;39349996;380021150300;424171;423656
AAS2DModeGridDS;synthetic;250000;175000;0;0;62;25000;163611376;440833000;108443;39349996;380021150300;626482;625510
AAS2DModeGridDS;synthetic;250000;175000;0;0;62;50000;163611376;440833000;106975;39349996;380021150300;861201;861465
AAS2DModeGridDS;synthetic;250000;175000;0;0;62;75000;163611376;440833000;104056;39349996;380021150300;1034750;1037690
AAS2DModeGridDS;synthetic;250000;175000;0;0;62;100000;163611376;440833000;104106;39349996;380021150300;1163231;1163382
AAS2DModeGridDS;synthetic;250000;175000;0;0;62;150000;163611376;440833000;100077;39349996;380021150300;1360491;1359906
AAS2DModeGridDS;synthetic;250000;175000;0;0;62;200000;163611376;440833000;94952;39349996;380021150300;1500893;1500905
AAS2DModeGridDS;synthetic;250000;175000;0;0;62;250000;163611376;440833000;90089;39349996;380021150300;1791702;1791080
Amc::GridSelectColor;synthetic;250000;175000;0;0;62;10;163611376;445032200;92651;53407960;513742044300;11942;11703
Amc::GridSelectColor;synthetic;250000;175000;0;0;62;100;163611376;445032200;95650;53407960;513742044300;55798;55159
Amc::GridSelectColor;synthetic;250000;175000;0;0;62;1000;163611376;445032200;100779;53407960;513742044300;242052;240795
Amc::GridSelectColor;synthetic;250000;175000;0;0;62;5000;163611376;445032200;104917;53407960;513742044300;560618;559452
Amc::GridSelectColor;synthetic;250000;175000;0;0;62;10000;163611376;445032200;106080;53407960;513742044300;789151;789557
Amc::GridSelectColor;synthetic;250000;175000;0;0;62;25000;163611376;445032200;107282;53407960;513742044300;1189602;1189547
Amc::GridSelectColor;synthetic;250000;175000;0;0;62;50000;163611376;445032200;104550;53407960;513742044300;1678649;1680152
Amc::GridSelectColor;synthetic;250000;175000;0;0;62;75000;163611376;445032200;103503;53407960;513742044300;1991823;1991256
Amc::GridSelectColor;synthetic;250000;175000;0;0;62;100000;163611376;445032200;103477;53407960;513742044300;2277550;2279262
Amc::GridSelectColor;synthetic;250000;175000;0;0;62;150000;163611376;445032200;100114;53407960;513742044300;2660788;2658864
Amc::GridSelectColor;synthetic;250000;175000;0;0;62;200000;163611376;445032200;94872;53407960;513742044300;2974358;2973314
Amc::GridSelectColor;synthetic;250000;175000;0;0;62;250000;163611376;445032200;88454;53407960;513742044300;3385693;3383180
AAS2DModeReportDS;synthetic;250000;200000;0;0;62;10;163611376;449783800;95042;159611376;439012500;3775;3654
AAS2DModeReportDS;synthetic;250000;200000;0;0;62;100;163611376;449783800;96789;159611376;439012500;13499;13368
AAS2DModeReportDS;synthetic;250000;200000;0;0;62;1000;163611376;449783800;100774;159611376;439012500;134136;134025
AAS2DModeReportDS;synthetic;250000;200000;0;0;62;5000;163611376;449783800;105008;159611376;439012500;740628;740674
AAS2DModeReportDS;synthetic;250000;200000;0;0;62;10000;163611376;449783800;106748;159611376;439012500;1587994;1587955
AAS2DModeReportDS;synthetic;250000;200000;0;0;62;25000;163611376;449783800;106534;159611376;439012500;4487870;4487907
AAS2DModeReportDS;synthetic;250000;200000;0;0;62;50000;163611376;449783800;105009;159611376;439012500;10085333;10086217
AAS2DModeReportDS;synthetic;250000;200000;0;0;62;75000;163611376;449783800;105177;159611376;439012500;16136182;16135471
AAS2DModeReportDS;synthetic;250000;200000;0;0;62;100000;163611376;449783800;103664;159611376;439012500;22475089;22459897
AAS2DModeReportDS;synthetic;250000;200000;0;0;62;150000;163611376;449783800;98184;159611376;439012500;36267101;36284545
AAS2DModeReportDS;synthetic;250000;200000;0;0;62;200000;163611376;449783800;94658;159611376;439012500;51381409;51389525
AAS2DModeReportDS;synthetic;250000;200000;0;0;62;250000;163611376;449783800;87827;159611376;439012500;68724940;68750487
AAS2DModePerColorDS;synthetic;250000;200000;0;0;62;10;163611376;442210200;91976;16530624;98181400;1474778;1474391
AAS2DModePerColorDS;synthetic;250000;200000;0;0;62;100;163611376;442210200;96010;16530624;98181400;1687311;1684688
AAS2DModePerColorDS;synthetic;250000;200000;0;0;62;1000;163611376;442210200;100547;16530624;98181400;2314217;2315559
AAS2DModePerColorDS;synthetic;250000;200000;0;0;62;5000;163611376;442210200;104809;16530624;98181400;3238162;3237513
AAS2DModePerColorDS;synthetic;250000;200000;0;0;62;10000;163611376;442210200;106082;16530624;98181400;3864335;3863620
AAS2DModePerColorDS;synthetic;250000;200000;0;0;62;25000;163611376;442210200;107975;16530624;98181400;5063945;5064737
AAS2DModePerColorDS;synthetic;250000;200000;0;0;62;50000;163611376;442210200;105873;16530624;98181400;6280414;6279788
AAS2DModePerColorDS;synthetic;250000;200000;0;0;62;75000;163611376;442210200;105398;16530624;98181400;7031801;7027163
AAS2DModePerColorDS;synthetic;250000;200000;0;0;62;100000;163611376;442210200;103348;16530624;98181400;7674300;7687765
AAS2DModePerColorDS;synthetic;250000;200000;0;0;62;150000;163611376;442210200;98785;16530624;98181400;7936329;7942250
AAS2DModePerColorDS;synthetic;250000;200000;0;0;62;200000;163611376;442210200;93946;16530624;98181400;7694690;7695752
AAS2DModePerColorDS;synthetic;250000;200000;0;0;62;250000;163611376;442210200;87987;16530624;98181400;7077932;7076499
AAS2DModeGridDS;synthetic;250000;200000;0;0;62;10;163611376;447734600;92086;36966220;392878763300;44072;44085
AAS2DModeGridDS;synthetic;250000;200000;0;0;62;100;163611376;447734600;95981;36966220;392878763300;62561;62256
AAS2DModeGridDS;synthetic;250000;200000;0;0;62;1000;163611376;447734600;100882;36966220;392878763300;138690;137682
AAS2DModeGridDS;synthetic;250000;200000;0;0;62;5000;163611376;447734600;104755;36966220;392878763300;292649;292012
AAS2DModeGridDS;synthetic;250000;200000;0;0;62;10000;163611376;447734600;105992;36966220;392878763300;392667;392070
AAS2DModeGridDS;synthetic;250000;200000;0;0;62;25000;163611376;447734600;106489;36966220;392878763300;571893;570965
AAS2DModeGridDS;synthetic;250000;200000;0;0;62;50000;163611376;447734600;105187;36966220;392878763300;790186;791353
AAS2DModeGridDS;synthetic;250000;200000;0;0;62;75000;163611376;447734600;104890;36966220;392878763300;940397;940144
AAS2DModeGridDS;synthetic;250000;200000;0;0;62;100000;163611376;447734600;103932;36966220;392878763300;1082146;1081232
AAS2DModeGridDS;synthetic;250000;200000;0;0;62;150000;163611376;447734600;99633;36966220;392878763300;1275493;1275546
AAS2DModeGridDS;synthetic;250000;200000;0;0;62;200000;163611376;447734600;93801;36966220;392878763300;1451702;1451233
AAS2DModeGridDS;synthetic;250000;200000;0;0;62;250000;163611376;447734600;87859;36966220;392878763300;1783531;1783629
Amc::GridSelectColor;synthetic;250000;200000;0;0;62;10;163611376;447142000;93033;49521032;532326612800;11758;11543
Amc::GridSelectColor;synthetic;250000;200000;0;0;62;100;163611376;447142000;96696;49521032;532326612800;54692;54097
Amc::GridSelectColor;synthetic;250000;200000;0;0;62;1000;163611376;447142000;102170;49521032;532326612800;237932;236813
Amc::GridSelectColor;synthetic;250000;200000;0;0;62;5000;163611376;447142000;104673;49521032;532326612800;543086;541312
Amc::GridSelectColor;synthetic;250000;200000;0;0;62;10000;163611376;447142000;106673;49521032;532326612800;763991;763122
Amc::GridSelectColor;synthetic;250000;200000;0;0;62;25000;163611376;447142000;107301;49521032;532326612800;1151127;1149185
Amc::GridSelectColor;synthetic;250000;200000;0;0;62;50000;163611376;447142000;105196;49521032;532326612800;1635388;1633436
Amc::GridSelectColor;synthetic;250000;200000;0;0;62;75000;163611376;447142000;104260;49521032;532326612800;1926478;1927024
Amc::GridSelectColor;synthetic;250000;200000;0;0;62;100000;163611376;447142000;102056;49521032;532326612800;2223135;2220775
Amc::GridSelectColor;synthetic;250000;200000;0;0;62;150000;163611376;447142000;98640;49521032;532326612800;2609275;2610508
Amc::GridSelectColor;synthetic;250000;200000;0;0;62;200000;163611376;447142000;92652;49521032;532326612800;2921051;2922198
Amc::GridSelectColor;synthetic;250000;200000;0;0;62;250000;163611376;447142000;87025;49521032;532326612800;3428708;3427806
AAS2DModeReportDS;synthetic;250000;225000;0;0;62;10;163611376;453935000;94070;159611376;478208300;3950;3820
AAS2DModeReportDS;synthetic;250000;225000;0;0;62;100;163611376;453935000;114040;159611376;478208300;13597;13429
AAS2DModeReportDS;synthetic;250000;225000;0;0;62;1000;163611376;453935000;103427;159611376;478208300;135147;135061
AAS2DModeReportDS;synthetic;250000;225000;0;0;62;5000;163611376;453935000;105767;159611376;478208300;733756;733539
AAS2DModeReportDS;synthetic;250000;225000;0;0;62;10000;163611376;453935000;107364;159611376;478208300;1587426;1587260
AAS2DModeReportDS;synthetic;250000;225000;0;0;62;25000;163611376;453935000;109198;159611376;478208300;4448337;4448733
AAS2DModeReportDS;synthetic;250000;225000;0;0;62;50000;163611376;453935000;106914;159611376;478208300;10065119;10056436
AAS2DModeReportDS;synthetic;250000;225000;0;0;62;75000;163611376;453935000;105342;159611376;478208300;16278736;16278413
AAS2DModeReportDS;synthetic;250000;225000;0;0;62;100000;163611376;453935000;103470;159611376;478208300;22782595;22702974
AAS2DModeReportDS;synthetic;250000;225000;0;0;62;150000;163611376;453935000;98415;159611376;478208300;37175214;37179409
AAS2DModeReportDS;synthetic;250000;225000;0;0;62;200000;163611376;453935000;94549;159611376;478208300;53863188;53886577
AAS2DModeReportDS;synthetic;250000;225000;0;0;62;250000;163611376;453935000;87979;159611376;478208300;71505894;71540470
AAS2DModePerColorDS;synthetic;250000;225000;0;0;62;10;163611376;443296200;92599;14233312;91156900;1454693;1452843
AAS2DModePerColorDS;synthetic;250000;225000;0;0;62;100;163611376;443296200;96303;14233312;91156900;1640717;1637857
AAS2DModePerColorDS;synthetic;250000;225000;0;0;62;1000;163611376;443296200;100701;14233312;91156900;2181874;2179675
AAS2DModePerColorDS;synthetic;250000;225000;0;0;62;5000;163611376;443296200;104193;14233312;91156900;3035999;3027855
AAS2DModePerColorDS;synthetic;250000;225000;0;0;62;10000;163611376;443296200;105762;14233312;91156900;3568617;3569392
AAS2DModePerColorDS;synthetic;250000;225000;0;0;62;25000;163611376;443296200;107407;14233312;91156900;4683839;4686907
AAS2DModePerColorDS;synthetic;250000;225000;0;0;62;50000;163611376;443296200;105195;14233312;91156900;5863605;5865019
AAS2DModePerColorDS;synthetic;250000;225000;0;0;62;75000;163611376;443296200;103688;14233312;91156900;6629722;6627373
AAS2DModePerColorDS;synthetic;250000;225000;0;0;62;100000;163611376;443296200;101370;14233312;91156900;7143444;7137572
AAS2DModePerColorDS;synthetic;250000;225000;0;0;62;150000;163611376;443296200;98571;14233312;91156900;7668199;7662798
AAS2DModePerColorDS;synthetic;250000;225000;0;0;62;200000;163611376;443296200;94707;14233312;91156900;7802607;7801685
AAS2DModePerColorDS;synthetic;250000;225000;0;0;62;250000;163611376;443296200;88104;14233312;91156900;9075167;9224859
AAS2DModeGridDS;synthetic;250000;225000;0;0;62;10;163611376;443971200;91572;34659820;401195965200;43664;43642
AAS2DModeGridDS;synthetic;250000;225000;0;0;62;100;163611376;443971200;95747;34659820;401195965200;60448;60248
AAS2DModeGridDS;synthetic;250000;225000;0;0;62;1000;163611376;443971200;102264;34659820;401195965200;128091;127639
AAS2DModeGridDS;synthetic;250000;225000;0;0;62;5000;163611376;443971200;104047;34659820;401195965200;266269;265743
AAS2DModeGridDS;synthetic;250000;225000;0;0;62;10000;163611376;443971200;105260;34659820;401195965200;362627;362301
AAS2DModeGridDS;synthetic;250000;225000;0;0;62;25000;163611376;443971200;106681;34659820;401195965200;524821;523334
AAS2DModeGridDS;synthetic;250000;225000;0;0;62;50000;163611376;443971200;104631;34659820;401195965200;728603;728651
AAS2DModeGridDS;synthetic;250000;225000;0;0;62;75000;163611376;443971200;105049;34659820;401195965200;863613;862469
AAS2DModeGridDS;synthetic;250000;225000;0;0;62;100000;163611376;443971200;102407;34659820;401195965200;999465;999934
AAS2DModeGridDS;synthetic;250000;225000;0;0;62;150000;163611376;443971200;97571;34659820;401195965200;1204738;1205173
AAS2DModeGridDS;synthetic;250000;225000;0;0;62;200000;163611376;443971200;93068;34659820;401195965200;1389408;1387577
AAS2DModeGridDS;synthetic;250000;225000;0;0;62;250000;163611376;443971200;87348;34659820;401195965200;1749134;1748982
Amc::GridSelectColor;synthetic;250000;225000;0;0;62;10;163611376;451955400;93347;45707728;551378936400;11459;11235
Amc::GridSelectColor;synthetic;250000;225000;0;0;62;100;163611376;451955400;96327;45707728;551378936400;52011;51134
Amc::GridSelectColor;synthetic;250000;225000;0;0;62;1000;163611376;451955400;101619;45707728;551378936400;222600;221663
Amc::GridSelectColor;synthetic;250000;225000;0;0;62;5000;163611376;451955400;105297;45707728;551378936400;523180;521810
Amc::GridSelectColor;synthetic;250000;225000;0;0;62;10000;163611376;451955400;107538;45707728;551378936400;728017;726841
Amc::GridSelectColor;synthetic;250000;225000;0;0;62;25000;163611376;451955400;106372;45707728;551378936400;1098519;1098377
Amc::GridSelectColor;synthetic;250000;225000;0;0;62;50000;163611376;451955400;105411;45707728;551378936400;1549941;1547371
Amc::GridSelectColor;synthetic;250000;225000;0;0;62;75000;163611376;451955400;104591;45707728;551378936400;1846397;1843304
Amc::GridSelectColor;synthetic;250000;225000;0;0;62;100000;163611376;451955400;104281;45707728;551378936400;2135498;2134026
Amc::GridSelectColor;synthetic;250000;225000;0;0;62;150000;163611376;451955400;99363;45707728;551378936400;2698648;2716362
Amc::GridSelectColor;synthetic;250000;225000;0;0;62;200000;163611376;451955400;93836;45707728;551378936400;2923954;2923353
Amc::GridSelectColor;synthetic;250000;225000;0;0;62;250000;163611376;451955400;88535;45707728;551378936400;3434723;3435047
AAS2DModeReportDS;synthetic;250000;250000;0;0;62;10;163611376;446263300;91924;159611376;421015800;3863;3743
AAS2DModeReportDS;synthetic;250000;250000;0;0;62;100;163611376;446263300;95200;159611376;421015800;13550;13401
AAS2DModeReportDS;synthetic;250000;250000;0;0;62;1000;163611376;446263300;100359;159611376;421015800;136477;136504
AAS2DModeReportDS;synthetic;250000;250000;0;0;62;5000;163611376;446263300;104050;159611376;421015800;753302;753116
AAS2DModeReportDS;synthetic;250000;250000;0;0;62;10000;163611376;446263300;105643;159611376;421015800;1635448;1635070
AAS2DModeReportDS;synthetic;250000;250000;0;0;62;25000;163611376;446263300;105905;159611376;421015800;4541799;4541366
AAS2DModeReportDS;synthetic;250000;250000;0;0;62;50000;163611376;446263300;104679;159611376;421015800;10358586;10355983
AAS2DModeReportDS;synthetic;250000;250000;0;0;62;75000;163611376;446263300;102843;159611376;421015800;16910103;16909007
AAS2DModeReportDS;synthetic;250000;250000;0;0;62;100000;163611376;446263300;100747;159611376;421015800;23978267;23975066
AAS2DModeReportDS;synthetic;250000;250000;0;0;62;150000;163611376;446263300;97813;159611376;421015800;40119564;40118726
AAS2DModeReportDS;synthetic;250000;250000;0;0;62;200000;163611376;446263300;92608;159611376;421015800;59057078;59076598
AAS2DModeReportDS;synthetic;250000;250000;0;0;62;250000;163611376;446263300;86710;159611376;421015800;79332061;79163198
AAS2DModePerColorDS;synthetic;250000;250000;0;0;62;10;163611376;450949000;93811;12000000;95672200;1390703;1388131
AAS2DModePerColorDS;synthetic;250000;250000;0;0;62;100;163611376;450949000;96445;12000000;95672200;1545500;1545537
AAS2DModePerColorDS;synthetic;250000;250000;0;0;62;1000;163611376;450949000;102064;12000000;95672200;2034734;2038140
AAS2DModePerColorDS;synthetic;250000;250000;0;0;62;5000;163611376;450949000;105364;12000000;95672200;2766433;2766266
AAS2DModePerColorDS;synthetic;250000;250000;0;0;62;10000;163611376;450949000;107413;12000000;95672200;3277370;3276534
AAS2DModePerColorDS;synthetic;250000;250000;0;0;62;25000;163611376;450949000;107311;12000000;95672200;4343351;4338698
AAS2DModePerColorDS;synthetic;250000;250000;0;0;62;50000;163611376;450949000;105829;12000000;95672200;5495359;5493840
AAS2DModePerColorDS;synthetic;250000;250000;0;0;62;75000;163611376;450949000;104639;12000000;95672200;6372631;6385043
AAS2DModePerColorDS;synthetic;250000;250000;0;0;62;100000;163611376;450949000;102415;12000000;95672200;6768693;6766370
AAS2DModePerColorDS;synthetic;250000;250000;0;0;62;150000;163611376;450949000;99025;12000000;95672200;7450919;7449988
AAS2DModePerColorDS;synthetic;250000;250000;0;0;62;200000;163611376;450949000;94482;12000000;95672200;7888981;7889005
AAS2DModePerColorDS;synthetic;250000;250000;0;0;62;250000;163611376;450949000;89003;12000000;95672200;8242198;8241314
AAS2DModeGridDS;synthetic;250000;250000;0;0;62;10;163611376;454307800;91662;32428588;409325657800;43691;43558
AAS2DModeGridDS;synthetic;250000;250000;0;0;62;100;163611376;454307800;95356;32428588;409325657800;58287;58063
AAS2DModeGridDS;synthetic;250000;250000;0;0;62;1000;163611376;454307800;102104;32428588;409325657800;118347;117616
AAS2DModeGridDS;synthetic;250000;250000;0;0;62;5000;163611376;454307800;104808;32428588;409325657800;245257;244680
AAS2DModeGridDS;synthetic;250000;250000;0;0;62;10000;163611376;454307800;105854;32428588;409325657800;331795;330721
AAS2DModeGridDS;synthetic;250000;250000;0;0;62;25000;163611376;454307800;105719;32428588;409325657800;481501;480462
AAS2DModeGridDS;synthetic;250000;250000;0;0;62;50000;163611376;454307800;103813;32428588;409325657800;668050;667088
AAS2DModeGridDS;synthetic;250000;250000;0;0;62;75000;163611376;454307800;102928;32428588;409325657800;792692;791809
AAS2DModeGridDS;synthetic;250000;250000;0;0;62;100000;163611376;454307800;101935;32428588;409325657800;925279;923947
AAS2DModeGridDS;synthetic;250000;250000;0;0;62;150000;163611376;454307800;97519;32428588;409325657800;1134757;1134073
AAS2DModeGridDS;synthetic;250000;250000;0;0;62;200000;163611376;454307800;92907;32428588;409325657800;1345996;1344393
AAS2DModeGridDS;synthetic;250000;250000;0;0;62;250000;163611376;454307800;86636;32428588;409325657800;1767021;1767110
Amc::GridSelectColor;synthetic;250000;250000;0;0;62;10;163611376;449653400;92777;41974432;569287249800;11154;10923
Amc::GridSelectColor;synthetic;250000;250000;0;0;62;100;163611376;449653400;95903;41974432;569287249800;50006;49441
Amc::GridSelectColor;synthetic;250000;250000;0;0;62;1000;163611376;449653400;101178;41974432;569287249800;202510;201644
Amc::GridSelectColor;synthetic;250000;250000;0;0;62;5000;163611376;449653400;104323;41974432;569287249800;475331;475944
Amc::GridSelectColor;synthetic;250000;250000;0;0;62;10000;163611376;449653400;105946;41974432;569287249800;689362;687994
Amc::GridSelectColor;synthetic;250000;250000;0;0;62;25000;163611376;449653400;106690;41974432;569287249800;1047450;1046331
Amc::GridSelectColor;synthetic;250000;250000;0;0;62;50000;163611376;449653400;105263;41974432;569287249800;1473680;1473946
Amc::GridSelectColor;synthetic;250000;250000;0;0;62;75000;163611376;449653400;103684;41974432;569287249800;1806897;1808019
Amc::GridSelectColor;synthetic;250000;250000;0;0;62;100000;163611376;449653400;101786;41974432;569287249800;2133175;2139100
Amc::GridSelectColor;synthetic;250000;250000;0;0;62;150000;163611376;449653400;98402;41974432;569287249800;2495219;2494928
Amc::GridSelectColor;synthetic;250000;250000;0;0;62;200000;163611376;449653400;94193;41974432;569287249800;2900977;2900565
Amc::GridSelectColor;synthetic;250000;250000;0;0;62;250000;163611376;449653400;87989;41974432;569287249800;3422453;3422883
