DSType;dataType;numPoints;numColors;gamma;alpha;s;k;rangeSpace;rangeBuildTime;rangeQueryTime;modeSpace;modeBuildTime;modeQueryTime
AAS1DModeReportDS;synthetic;300000;50000;25000;0;547;5;8400000;474425255900;1083188;1200000;713500;691
AAS1DModeReportDS;synthetic;300000;50000;25000;0;547;10;8400000;474425255900;927976;1200000;713500;1811
AAS1DModeReportDS;synthetic;300000;50000;25000;0;547;50;8400000;474425255900;928337;1200000;713500;10125
AAS1DModeReportDS;synthetic;300000;50000;25000;0;547;100;8400000;474425255900;1309073;1200000;713500;21352
AAS1DModeReportDS;synthetic;300000;50000;25000;0;547;500;8400000;474425255900;1177696;1200000;713500;127108
AAS1DModeReportDS;synthetic;300000;50000;25000;0;547;1000;8400000;474425255900;1350449;1200000;713500;291756
AAS1DModeReportDS;synthetic;300000;50000;25000;0;547;5000;8400000;474425255900;1450210;1200000;713500;1626020
AAS1DModeReportDS;synthetic;300000;50000;25000;0;547;10000;8400000;474425255900;1381281;1200000;713500;3543456
AAS1DModeReportDS;synthetic;300000;50000;25000;0;547;30000;8400000;474425255900;1335549;1200000;713500;11268428
AAS1DModeReportDS;synthetic;300000;50000;25000;0;547;60000;8400000;474425255900;1310063;1200000;713500;23557312
AAS1DModeReportDS;synthetic;300000;50000;25000;0;547;100000;8400000;474425255900;1353280;1200000;713500;40324156
AAS1DModeReportDS;synthetic;300000;50000;25000;0;547;250000;8400000;474425255900;967570;1200000;713500;91581421
AAS1DModeRangeTreesDS;synthetic;300000;50000;25000;0;547;5;8400000;384979822100;952286;1200008;74213400;1893664
AAS1DModeRangeTreesDS;synthetic;300000;50000;25000;0;547;10;8400000;384979822100;911462;1200008;74213400;1851250
AAS1DModeRangeTreesDS;synthetic;300000;50000;25000;0;547;50;8400000;384979822100;905704;1200008;74213400;1939099
AAS1DModeRangeTreesDS;synthetic;300000;50000;25000;0;547;100;8400000;384979822100;1229034;1200008;74213400;1919936
AAS1DModeRangeTreesDS;synthetic;300000;50000;25000;0;547;500;8400000;384979822100;1415919;1200008;74213400;1867224
AAS1DModeRangeTreesDS;synthetic;300000;50000;25000;0;547;1000;8400000;384979822100;1341006;1200008;74213400;1866695
AAS1DModeRangeTreesDS;synthetic;300000;50000;25000;0;547;5000;8400000;384979822100;1317325;1200008;74213400;1986020
AAS1DModeRangeTreesDS;synthetic;300000;50000;25000;0;547;10000;8400000;384979822100;1365425;1200008;74213400;2033815
AAS1DModeRangeTreesDS;synthetic;300000;50000;25000;0;547;30000;8400000;384979822100;1369031;1200008;74213400;2356745
AAS1DModeRangeTreesDS;synthetic;300000;50000;25000;0;547;60000;8400000;384979822100;1345012;1200008;74213400;2511429
AAS1DModeRangeTreesDS;synthetic;300000;50000;25000;0;547;100000;8400000;384979822100;1408402;1200008;74213400;2564679
AAS1DModeRangeTreesDS;synthetic;300000;50000;25000;0;547;250000;8400000;384979822100;1348409;1200008;74213400;2096383
AAS1DModeChanDS;synthetic;300000;50000;25000;0;547;5;8400000;430503793800;954733;5993688;230688195100;674
AAS1DModeChanDS;synthetic;300000;50000;25000;0;547;10;8400000;430503793800;982388;5993688;230688195100;2282
AAS1DModeChanDS;synthetic;300000;50000;25000;0;547;50;8400000;430503793800;949831;5993688;230688195100;9242
AAS1DModeChanDS;synthetic;300000;50000;25000;0;547;100;8400000;430503793800;939094;5993688;230688195100;20517
AAS1DModeChanDS;synthetic;300000;50000;25000;0;547;500;8400000;430503793800;954116;5993688;230688195100;122308
AAS1DModeChanDS;synthetic;300000;50000;25000;0;547;1000;8400000;430503793800;945058;5993688;230688195100;67126
AAS1DModeChanDS;synthetic;300000;50000;25000;0;547;5000;8400000;430503793800;923168;5993688;230688195100;9089
AAS1DModeChanDS;synthetic;300000;50000;25000;0;547;10000;8400000;430503793800;923084;5993688;230688195100;8365
AAS1DModeChanDS;synthetic;300000;50000;25000;0;547;30000;8400000;430503793800;925052;5993688;230688195100;8713
AAS1DModeChanDS;synthetic;300000;50000;25000;0;547;60000;8400000;430503793800;925909;5993688;230688195100;7329
AAS1DModeChanDS;synthetic;300000;50000;25000;0;547;100000;8400000;430503793800;947191;5993688;230688195100;5138
AAS1DModeChanDS;synthetic;300000;50000;25000;0;547;250000;8400000;430503793800;915962;5993688;230688195100;3266
AAS1DModeGridDS;synthetic;300000;50000;25000;0;547;5;8400000;436298487900;928978;4793688;230417599800;832
AAS1DModeGridDS;synthetic;300000;50000;25000;0;547;10;8400000;436298487900;960142;4793688;230417599800;2498
AAS1DModeGridDS;synthetic;300000;50000;25000;0;547;50;8400000;436298487900;1044568;4793688;230417599800;12411
AAS1DModeGridDS;synthetic;300000;50000;25000;0;547;100;8400000;436298487900;1005420;4793688;230417599800;27987
AAS1DModeGridDS;synthetic;300000;50000;25000;0;547;500;8400000;436298487900;1018132;4793688;230417599800;144483
AAS1DModeGridDS;synthetic;300000;50000;25000;0;547;1000;8400000;436298487900;1023392;4793688;230417599800;204234
AAS1DModeGridDS;synthetic;300000;50000;25000;0;547;5000;8400000;436298487900;1352783;4793688;230417599800;224979
AAS1DModeGridDS;synthetic;300000;50000;25000;0;547;10000;8400000;436298487900;1327718;4793688;230417599800;224089
AAS1DModeGridDS;synthetic;300000;50000;25000;0;547;30000;8400000;436298487900;1491725;4793688;230417599800;193545
AAS1DModeGridDS;synthetic;300000;50000;25000;0;547;60000;8400000;436298487900;1393280;4793688;230417599800;207050
AAS1DModeGridDS;synthetic;300000;50000;25000;0;547;100000;8400000;436298487900;1340425;4793688;230417599800;219554
AAS1DModeGridDS;synthetic;300000;50000;25000;0;547;250000;8400000;436298487900;1316480;4793688;230417599800;218481
AAS1DModeReportDS;synthetic;300000;50000;25000;0.1;547;5;8400000;356846091000;898304;1200000;416000;845
AAS1DModeReportDS;synthetic;300000;50000;25000;0.1;547;10;8400000;356846091000;931015;1200000;416000;1543
AAS1DModeReportDS;synthetic;300000;50000;25000;0.1;547;50;8400000;356846091000;892412;1200000;416000;10816
AAS1DModeReportDS;synthetic;300000;50000;25000;0.1;547;100;8400000;356846091000;945661;1200000;416000;23550
AAS1DModeReportDS;synthetic;300000;50000;25000;0.1;547;500;8400000;356846091000;926230;1200000;416000;120273
AAS1DModeReportDS;synthetic;300000;50000;25000;0.1;547;1000;8400000;356846091000;889884;1200000;416000;303326
AAS1DModeReportDS;synthetic;300000;50000;25000;0.1;547;5000;8400000;356846091000;1021109;1200000;416000;1880061
AAS1DModeReportDS;synthetic;300000;50000;25000;0.1;547;10000;8400000;356846091000;995826;1200000;416000;3550270
AAS1DModeReportDS;synthetic;300000;50000;25000;0.1;547;30000;8400000;356846091000;938005;1200000;416000;11732896
AAS1DModeReportDS;synthetic;300000;50000;25000;0.1;547;60000;8400000;356846091000;1023651;1200000;416000;22579774
AAS1DModeReportDS;synthetic;300000;50000;25000;0.1;547;100000;8400000;356846091000;945080;1200000;416000;37105411
AAS1DModeReportDS;synthetic;300000;50000;25000;0.1;547;250000;8400000;356846091000;905426;1200000;416000;87698297
AAS1DModeRangeTreesDS;synthetic;300000;50000;25000;0.1;547;5;8400000;357050633200;1204031;1200008;58804800;1888624
AAS1DModeRangeTreesDS;synthetic;300000;50000;25000;0.1;547;10;8400000;357050633200;1014323;1200008;58804800;1859766
AAS1DModeRangeTreesDS;synthetic;300000;50000;25000;0.1;547;50;8400000;357050633200;1351185;1200008;58804800;1866255
AAS1DModeRangeTreesDS;synthetic;300000;50000;25000;0.1;547;100;8400000;357050633200;1372894;1200008;58804800;2005602
AAS1DModeRangeTreesDS;synthetic;300000;50000;25000;0.1;547;500;8400000;357050633200;1369594;1200008;58804800;1851742
AAS1DModeRangeTreesDS;synthetic;300000;50000;25000;0.1;547;1000;8400000;357050633200;1370176;1200008;58804800;1872645
AAS1DModeRangeTreesDS;synthetic;300000;50000;25000;0.1;547;5000;8400000;357050633200;1452671;1200008;58804800;2001129
AAS1DModeRangeTreesDS;synthetic;300000;50000;25000;0.1;547;10000;8400000;357050633200;1361083;1200008;58804800;2094185
AAS1DModeRangeTreesDS;synthetic;300000;50000;25000;0.1;547;30000;8400000;357050633200;1265276;1200008;58804800;2531564
AAS1DModeRangeTreesDS;synthetic;300000;50000;25000;0.1;547;60000;8400000;357050633200;1402368;1200008;58804800;2543488
AAS1DModeRangeTreesDS;synthetic;300000;50000;25000;0.1;547;100000;8400000;357050633200;1346628;1200008;58804800;2682848
AAS1DModeRangeTreesDS;synthetic;300000;50000;25000;0.1;547;250000;8400000;357050633200;1336414;1200008;58804800;2094752
AAS1DModeChanDS;synthetic;300000;50000;25000;0.1;547;5;8400000;420346467300;1420509;5993688;222094294100;680
AAS1DModeChanDS;synthetic;300000;50000;25000;0.1;547;10;8400000;420346467300;1350652;5993688;222094294100;1410
AAS1DModeChanDS;synthetic;300000;50000;25000;0.1;547;50;8400000;420346467300;1337348;5993688;222094294100;10944
AAS1DModeChanDS;synthetic;300000;50000;25000;0.1;547;100;8400000;420346467300;1261367;5993688;222094294100;20050
AAS1DModeChanDS;synthetic;300000;50000;25000;0.1;547;500;8400000;420346467300;1248116;5993688;222094294100;147238
AAS1DModeChanDS;synthetic;300000;50000;25000;0.1;547;1000;8400000;420346467300;1270528;5993688;222094294100;82708
AAS1DModeChanDS;synthetic;300000;50000;25000;0.1;547;5000;8400000;420346467300;1476652;5993688;222094294100;8570
AAS1DModeChanDS;synthetic;300000;50000;25000;0.1;547;10000;8400000;420346467300;1471125;5993688;222094294100;9329
AAS1DModeChanDS;synthetic;300000;50000;25000;0.1;547;30000;8400000;420346467300;1132435;5993688;222094294100;6267
AAS1DModeChanDS;synthetic;300000;50000;25000;0.1;547;60000;8400000;420346467300;905097;5993688;222094294100;5886
AAS1DModeChanDS;synthetic;300000;50000;25000;0.1;547;100000;8400000;420346467300;897681;5993688;222094294100;7474
AAS1DModeChanDS;synthetic;300000;50000;25000;0.1;547;250000;8400000;420346467300;908869;5993688;222094294100;4103
AAS1DModeGridDS;synthetic;300000;50000;25000;0.1;547;5;8400000;338411580700;940341;4793688;215434550700;657
AAS1DModeGridDS;synthetic;300000;50000;25000;0.1;547;10;8400000;338411580700;944794;4793688;215434550700;1871
AAS1DModeGridDS;synthetic;300000;50000;25000;0.1;547;50;8400000;338411580700;970908;4793688;215434550700;8521
AAS1DModeGridDS;synthetic;300000;50000;25000;0.1;547;100;8400000;338411580700;984981;4793688;215434550700;19808
AAS1DModeGridDS;synthetic;300000;50000;25000;0.1;547;500;8400000;338411580700;906382;4793688;215434550700;121924
AAS1DModeGridDS;synthetic;300000;50000;25000;0.1;547;1000;8400000;338411580700;899173;4793688;215434550700;171869
AAS1DModeGridDS;synthetic;300000;50000;25000;0.1;547;5000;8400000;338411580700;906214;4793688;215434550700;207735
AAS1DModeGridDS;synthetic;300000;50000;25000;0.1;547;10000;8400000;338411580700;903030;4793688;215434550700;183006
AAS1DModeGridDS;synthetic;300000;50000;25000;0.1;547;30000;8400000;338411580700;889719;4793688;215434550700;192082
AAS1DModeGridDS;synthetic;300000;50000;25000;0.1;547;60000;8400000;338411580700;906672;4793688;215434550700;201413
AAS1DModeGridDS;synthetic;300000;50000;25000;0.1;547;100000;8400000;338411580700;875149;4793688;215434550700;184415
AAS1DModeGridDS;synthetic;300000;50000;25000;0.1;547;250000;8400000;338411580700;892699;4793688;215434550700;193823
AAS1DModeReportDS;synthetic;300000;50000;25000;0.2;547;5;8400000;329785736900;908141;1200000;592100;617
AAS1DModeReportDS;synthetic;300000;50000;25000;0.2;547;10;8400000;329785736900;890103;1200000;592100;1333
AAS1DModeReportDS;synthetic;300000;50000;25000;0.2;547;50;8400000;329785736900;906906;1200000;592100;8148
AAS1DModeReportDS;synthetic;300000;50000;25000;0.2;547;100;8400000;329785736900;951693;1200000;592100;18792
AAS1DModeReportDS;synthetic;300000;50000;25000;0.2;547;500;8400000;329785736900;890263;1200000;592100;110424
AAS1DModeReportDS;synthetic;300000;50000;25000;0.2;547;1000;8400000;329785736900;910649;1200000;592100;237170
AAS1DModeReportDS;synthetic;300000;50000;25000;0.2;547;5000;8400000;329785736900;921170;1200000;592100;1419514
AAS1DModeReportDS;synthetic;300000;50000;25000;0.2;547;10000;8400000;329785736900;929987;1200000;592100;3146999
AAS1DModeReportDS;synthetic;300000;50000;25000;0.2;547;30000;8400000;329785736900;1036073;1200000;592100;10715143
AAS1DModeReportDS;synthetic;300000;50000;25000;0.2;547;60000;8400000;329785736900;895052;1200000;592100;21101737
AAS1DModeReportDS;synthetic;300000;50000;25000;0.2;547;100000;8400000;329785736900;1023657;1200000;592100;35540686
AAS1DModeReportDS;synthetic;300000;50000;25000;0.2;547;250000;8400000;329785736900;949506;1200000;592100;81711348
AAS1DModeRangeTreesDS;synthetic;300000;50000;25000;0.2;547;5;8400000;473266717400;1306285;1200008;78487200;1942087
AAS1DModeRangeTreesDS;synthetic;300000;50000;25000;0.2;547;10;8400000;473266717400;956547;1200008;78487200;2004424
AAS1DModeRangeTreesDS;synthetic;300000;50000;25000;0.2;547;50;8400000;473266717400;1031043;1200008;78487200;1917911
AAS1DModeRangeTreesDS;synthetic;300000;50000;25000;0.2;547;100;8400000;473266717400;920620;1200008;78487200;1923707
AAS1DModeRangeTreesDS;synthetic;300000;50000;25000;0.2;547;500;8400000;473266717400;954707;1200008;78487200;1949750
AAS1DModeRangeTreesDS;synthetic;300000;50000;25000;0.2;547;1000;8400000;473266717400;993458;1200008;78487200;1975532
AAS1DModeRangeTreesDS;synthetic;300000;50000;25000;0.2;547;5000;8400000;473266717400;931997;1200008;78487200;2010628
AAS1DModeRangeTreesDS;synthetic;300000;50000;25000;0.2;547;10000;8400000;473266717400;928861;1200008;78487200;2112207
AAS1DModeRangeTreesDS;synthetic;300000;50000;25000;0.2;547;30000;8400000;473266717400;950398;1200008;78487200;2504817
AAS1DModeRangeTreesDS;synthetic;300000;50000;25000;0.2;547;60000;8400000;473266717400;916223;1200008;78487200;2544509
AAS1DModeRangeTreesDS;synthetic;300000;50000;25000;0.2;547;100000;8400000;473266717400;905647;1200008;78487200;2671895
AAS1DModeRangeTreesDS;synthetic;300000;50000;25000;0.2;547;250000;8400000;473266717400;1268733;1200008;78487200;2296908
AAS1DModeChanDS;synthetic;300000;50000;25000;0.2;547;5;8400000;345967575900;1025222;5993688;209683406700;789
AAS1DModeChanDS;synthetic;300000;50000;25000;0.2;547;10;8400000;345967575900;1036268;5993688;209683406700;2235
AAS1DModeChanDS;synthetic;300000;50000;25000;0.2;547;50;8400000;345967575900;951589;5993688;209683406700;8044
AAS1DModeChanDS;synthetic;300000;50000;25000;0.2;547;100;8400000;345967575900;920258;5993688;209683406700;20266
AAS1DModeChanDS;synthetic;300000;50000;25000;0.2;547;500;8400000;345967575900;916061;5993688;209683406700;128929
AAS1DModeChanDS;synthetic;300000;50000;25000;0.2;547;1000;8400000;345967575900;898273;5993688;209683406700;59887
AAS1DModeChanDS;synthetic;300000;50000;25000;0.2;547;5000;8400000;345967575900;1055590;5993688;209683406700;6508
AAS1DModeChanDS;synthetic;300000;50000;25000;0.2;547;10000;8400000;345967575900;1010314;5993688;209683406700;6965
AAS1DModeChanDS;synthetic;300000;50000;25000;0.2;547;30000;8400000;345967575900;917958;5993688;209683406700;7029
AAS1DModeChanDS;synthetic;300000;50000;25000;0.2;547;60000;8400000;345967575900;931536;5993688;209683406700;6432
AAS1DModeChanDS;synthetic;300000;50000;25000;0.2;547;100000;8400000;345967575900;915735;5993688;209683406700;7350
AAS1DModeChanDS;synthetic;300000;50000;25000;0.2;547;250000;8400000;345967575900;920817;5993688;209683406700;3618
AAS1DModeGridDS;synthetic;300000;50000;25000;0.2;547;5;8400000;330239634800;908369;4793688;208068730300;963
AAS1DModeGridDS;synthetic;300000;50000;25000;0.2;547;10;8400000;330239634800;923847;4793688;208068730300;1324
AAS1DModeGridDS;synthetic;300000;50000;25000;0.2;547;50;8400000;330239634800;906632;4793688;208068730300;8650
AAS1DModeGridDS;synthetic;300000;50000;25000;0.2;547;100;8400000;330239634800;917734;4793688;208068730300;18950
AAS1DModeGridDS;synthetic;300000;50000;25000;0.2;547;500;8400000;330239634800;926368;4793688;208068730300;110505
AAS1DModeGridDS;synthetic;300000;50000;25000;0.2;547;1000;8400000;330239634800;1037726;4793688;208068730300;160242
AAS1DModeGridDS;synthetic;300000;50000;25000;0.2;547;5000;8400000;330239634800;913201;4793688;208068730300;191832
AAS1DModeGridDS;synthetic;300000;50000;25000;0.2;547;10000;8400000;330239634800;933296;4793688;208068730300;214845
AAS1DModeGridDS;synthetic;300000;50000;25000;0.2;547;30000;8400000;330239634800;987808;4793688;208068730300;182264
AAS1DModeGridDS;synthetic;300000;50000;25000;0.2;547;60000;8400000;330239634800;901094;4793688;208068730300;184565
AAS1DModeGridDS;synthetic;300000;50000;25000;0.2;547;100000;8400000;330239634800;900029;4793688;208068730300;186467
AAS1DModeGridDS;synthetic;300000;50000;25000;0.2;547;250000;8400000;330239634800;901333;4793688;208068730300;177529
AAS1DModeReportDS;synthetic;300000;50000;25000;0.3;547;5;8400000;334743639000;968441;1200000;653400;592
AAS1DModeReportDS;synthetic;300000;50000;25000;0.3;547;10;8400000;334743639000;913682;1200000;653400;1811
AAS1DModeReportDS;synthetic;300000;50000;25000;0.3;547;50;8400000;334743639000;907615;1200000;653400;7680
AAS1DModeReportDS;synthetic;300000;50000;25000;0.3;547;100;8400000;334743639000;895456;1200000;653400;16316
AAS1DModeReportDS;synthetic;300000;50000;25000;0.3;547;500;8400000;334743639000;900877;1200000;653400;100743
AAS1DModeReportDS;synthetic;300000;50000;25000;0.3;547;1000;8400000;334743639000;903049;1200000;653400;221777
AAS1DModeReportDS;synthetic;300000;50000;25000;0.3;547;5000;8400000;334743639000;909911;1200000;653400;1343989
AAS1DModeReportDS;synthetic;300000;50000;25000;0.3;547;10000;8400000;334743639000;899465;1200000;653400;2960447
AAS1DModeReportDS;synthetic;300000;50000;25000;0.3;547;30000;8400000;334743639000;887787;1200000;653400;9320357
AAS1DModeReportDS;synthetic;300000;50000;25000;0.3;547;60000;8400000;334743639000;908567;1200000;653400;19263795
AAS1DModeReportDS;synthetic;300000;50000;25000;0.3;547;100000;8400000;334743639000;920640;1200000;653400;32897845
AAS1DModeReportDS;synthetic;300000;50000;25000;0.3;547;250000;8400000;334743639000;1021411;1200000;653400;79145017
AAS1DModeRangeTreesDS;synthetic;300000;50000;25000;0.3;547;5;8400000;356579380000;1189092;1200008;94113200;2032133
AAS1DModeRangeTreesDS;synthetic;300000;50000;25000;0.3;547;10;8400000;356579380000;911994;1200008;94113200;1987955
AAS1DModeRangeTreesDS;synthetic;300000;50000;25000;0.3;547;50;8400000;356579380000;1090618;1200008;94113200;1992107
AAS1DModeRangeTreesDS;synthetic;300000;50000;25000;0.3;547;100;8400000;356579380000;906071;1200008;94113200;1947107
AAS1DModeRangeTreesDS;synthetic;300000;50000;25000;0.3;547;500;8400000;356579380000;980721;1200008;94113200;2015830
AAS1DModeRangeTreesDS;synthetic;300000;50000;25000;0.3;547;1000;8400000;356579380000;918223;1200008;94113200;1971825
AAS1DModeRangeTreesDS;synthetic;300000;50000;25000;0.3;547;5000;8400000;356579380000;906928;1200008;94113200;2060293
AAS1DModeRangeTreesDS;synthetic;300000;50000;25000;0.3;547;10000;8400000;356579380000;1027602;1200008;94113200;2133171
AAS1DModeRangeTreesDS;synthetic;300000;50000;25000;0.3;547;30000;8400000;356579380000;933255;1200008;94113200;2509408
AAS1DModeRangeTreesDS;synthetic;300000;50000;25000;0.3;547;60000;8400000;356579380000;965871;1200008;94113200;2602169
AAS1DModeRangeTreesDS;synthetic;300000;50000;25000;0.3;547;100000;8400000;356579380000;921155;1200008;94113200;2708063
AAS1DModeRangeTreesDS;synthetic;300000;50000;25000;0.3;547;250000;8400000;356579380000;936818;1200008;94113200;2158034
AAS1DModeChanDS;synthetic;300000;50000;25000;0.3;547;5;8400000;339311836600;1090720;5993688;199149687400;596
AAS1DModeChanDS;synthetic;300000;50000;25000;0.3;547;10;8400000;339311836600;1029410;5993688;199149687400;2044
AAS1DModeChanDS;synthetic;300000;50000;25000;0.3;547;50;8400000;339311836600;1040462;5993688;199149687400;12195
AAS1DModeChanDS;synthetic;300000;50000;25000;0.3;547;100;8400000;339311836600;1025197;5993688;199149687400;15876
AAS1DModeChanDS;synthetic;300000;50000;25000;0.3;547;500;8400000;339311836600;1036675;5993688;199149687400;120995
AAS1DModeChanDS;synthetic;300000;50000;25000;0.3;547;1000;8400000;339311836600;1045679;5993688;199149687400;61881
AAS1DModeChanDS;synthetic;300000;50000;25000;0.3;547;5000;8400000;339311836600;938282;5993688;199149687400;9602
AAS1DModeChanDS;synthetic;300000;50000;25000;0.3;547;10000;8400000;339311836600;1007796;5993688;199149687400;8069
AAS1DModeChanDS;synthetic;300000;50000;25000;0.3;547;30000;8400000;339311836600;897685;5993688;199149687400;7599
AAS1DModeChanDS;synthetic;300000;50000;25000;0.3;547;60000;8400000;339311836600;913954;5993688;199149687400;7338
AAS1DModeChanDS;synthetic;300000;50000;25000;0.3;547;100000;8400000;339311836600;920542;5993688;199149687400;6499
AAS1DModeChanDS;synthetic;300000;50000;25000;0.3;547;250000;8400000;339311836600;926735;5993688;199149687400;3556
AAS1DModeGridDS;synthetic;300000;50000;25000;0.3;547;5;8400000;331996443100;899601;4793688;195327740300;592
AAS1DModeGridDS;synthetic;300000;50000;25000;0.3;547;10;8400000;331996443100;906565;4793688;195327740300;1533
AAS1DModeGridDS;synthetic;300000;50000;25000;0.3;547;50;8400000;331996443100;948546;4793688;195327740300;9490
AAS1DModeGridDS;synthetic;300000;50000;25000;0.3;547;100;8400000;331996443100;981604;4793688;195327740300;17304
AAS1DModeGridDS;synthetic;300000;50000;25000;0.3;547;500;8400000;331996443100;897038;4793688;195327740300;114737
AAS1DModeGridDS;synthetic;300000;50000;25000;0.3;547;1000;8400000;331996443100;1010143;4793688;195327740300;154130
AAS1DModeGridDS;synthetic;300000;50000;25000;0.3;547;5000;8400000;331996443100;942639;4793688;195327740300;162591
AAS1DModeGridDS;synthetic;300000;50000;25000;0.3;547;10000;8400000;331996443100;969377;4793688;195327740300;157263
AAS1DModeGridDS;synthetic;300000;50000;25000;0.3;547;30000;8400000;331996443100;913049;4793688;195327740300;170121
AAS1DModeGridDS;synthetic;300000;50000;25000;0.3;547;60000;8400000;331996443100;899535;4793688;195327740300;168084
AAS1DModeGridDS;synthetic;300000;50000;25000;0.3;547;100000;8400000;331996443100;932588;4793688;195327740300;157087
AAS1DModeGridDS;synthetic;300000;50000;25000;0.3;547;250000;8400000;331996443100;929405;4793688;195327740300;166463
AAS1DModeReportDS;synthetic;300000;50000;25000;0.4;547;5;8400000;401634806700;974931;1200000;487100;548
AAS1DModeReportDS;synthetic;300000;50000;25000;0.4;547;10;8400000;401634806700;1221640;1200000;487100;1245
AAS1DModeReportDS;synthetic;300000;50000;25000;0.4;547;50;8400000;401634806700;1283775;1200000;487100;8292
AAS1DModeReportDS;synthetic;300000;50000;25000;0.4;547;100;8400000;401634806700;926756;1200000;487100;16281
AAS1DModeReportDS;synthetic;300000;50000;25000;0.4;547;500;8400000;401634806700;1245180;1200000;487100;95664
AAS1DModeReportDS;synthetic;300000;50000;25000;0.4;547;1000;8400000;401634806700;1365597;1200000;487100;199616
AAS1DModeReportDS;synthetic;300000;50000;25000;0.4;547;5000;8400000;401634806700;1337626;1200000;487100;1292850
AAS1DModeReportDS;synthetic;300000;50000;25000;0.4;547;10000;8400000;401634806700;1378465;1200000;487100;2614821
AAS1DModeReportDS;synthetic;300000;50000;25000;0.4;547;30000;8400000;401634806700;1335174;1200000;487100;8523415
AAS1DModeReportDS;synthetic;300000;50000;25000;0.4;547;60000;8400000;401634806700;1349112;1200000;487100;17914181
AAS1DModeReportDS;synthetic;300000;50000;25000;0.4;547;100000;8400000;401634806700;964747;1200000;487100;30546045
AAS1DModeReportDS;synthetic;300000;50000;25000;0.4;547;250000;8400000;401634806700;926843;1200000;487100;72081860
AAS1DModeRangeTreesDS;synthetic;300000;50000;25000;0.4;547;5;8400000;332148491000;1075063;1200008;123962600;2216494
AAS1DModeRangeTreesDS;synthetic;300000;50000;25000;0.4;547;10;8400000;332148491000;1010744;1200008;123962600;2210561
AAS1DModeRangeTreesDS;synthetic;300000;50000;25000;0.4;547;50;8400000;332148491000;1050970;1200008;123962600;2079214
AAS1DModeRangeTreesDS;synthetic;300000;50000;25000;0.4;547;100;8400000;332148491000;910698;1200008;123962600;2031111
AAS1DModeRangeTreesDS;synthetic;300000;50000;25000;0.4;547;500;8400000;332148491000;931636;1200008;123962600;2001063
AAS1DModeRangeTreesDS;synthetic;300000;50000;25000;0.4;547;1000;8400000;332148491000;956692;1200008;123962600;2103287
AAS1DModeRangeTreesDS;synthetic;300000;50000;25000;0.4;547;5000;8400000;332148491000;947155;1200008;123962600;2158520
AAS1DModeRangeTreesDS;synthetic;300000;50000;25000;0.4;547;10000;8400000;332148491000;991033;1200008;123962600;2203400
AAS1DModeRangeTreesDS;synthetic;300000;50000;25000;0.4;547;30000;8400000;332148491000;932293;1200008;123962600;2458556
AAS1DModeRangeTreesDS;synthetic;300000;50000;25000;0.4;547;60000;8400000;332148491000;927085;1200008;123962600;2699500
AAS1DModeRangeTreesDS;synthetic;300000;50000;25000;0.4;547;100000;8400000;332148491000;1583992;1200008;123962600;3011066
AAS1DModeRangeTreesDS;synthetic;300000;50000;25000;0.4;547;250000;8400000;332148491000;1064395;1200008;123962600;2228503
AAS1DModeChanDS;synthetic;300000;50000;25000;0.4;547;5;8400000;390687978600;1363601;5993688;186249344600;761
AAS1DModeChanDS;synthetic;300000;50000;25000;0.4;547;10;8400000;390687978600;1354986;5993688;186249344600;1190
AAS1DModeChanDS;synthetic;300000;50000;25000;0.4;547;50;8400000;390687978600;1284640;5993688;186249344600;6789
AAS1DModeChanDS;synthetic;300000;50000;25000;0.4;547;100;8400000;390687978600;1141381;5993688;186249344600;16785
AAS1DModeChanDS;synthetic;300000;50000;25000;0.4;547;500;8400000;390687978600;1069232;5993688;186249344600;101800
AAS1DModeChanDS;synthetic;300000;50000;25000;0.4;547;1000;8400000;390687978600;1064019;5993688;186249344600;63575
AAS1DModeChanDS;synthetic;300000;50000;25000;0.4;547;5000;8400000;390687978600;1046503;5993688;186249344600;10592
AAS1DModeChanDS;synthetic;300000;50000;25000;0.4;547;10000;8400000;390687978600;1088800;5993688;186249344600;12383
AAS1DModeChanDS;synthetic;300000;50000;25000;0.4;547;30000;8400000;390687978600;1147716;5993688;186249344600;9353
AAS1DModeChanDS;synthetic;300000;50000;25000;0.4;547;60000;8400000;390687978600;1099219;5993688;186249344600;10738
AAS1DModeChanDS;synthetic;300000;50000;25000;0.4;547;100000;8400000;390687978600;1081846;5993688;186249344600;9394
AAS1DModeChanDS;synthetic;300000;50000;25000;0.4;547;250000;8400000;390687978600;1037259;5993688;186249344600;5389
AAS1DModeGridDS;synthetic;300000;50000;25000;0.4;547;5;8400000;417911996400;1063813;4793688;187668314500;574
AAS1DModeGridDS;synthetic;300000;50000;25000;0.4;547;10;8400000;417911996400;1044521;4793688;187668314500;1187
AAS1DModeGridDS;synthetic;300000;50000;25000;0.4;547;50;8400000;417911996400;1080358;4793688;187668314500;8781
AAS1DModeGridDS;synthetic;300000;50000;25000;0.4;547;100;8400000;417911996400;1265203;4793688;187668314500;19176
AAS1DModeGridDS;synthetic;300000;50000;25000;0.4;547;500;8400000;417911996400;1109222;4793688;187668314500;39597
AAS1DModeGridDS;synthetic;300000;50000;25000;0.4;547;1000;8400000;417911996400;507408;4793688;187668314500;60064
AAS1DModeGridDS;synthetic;300000;50000;25000;0.4;547;5000;8400000;417911996400;494993;4793688;187668314500;62473
AAS1DModeGridDS;synthetic;300000;50000;25000;0.4;547;10000;8400000;417911996400;504134;4793688;187668314500;61334
AAS1DModeGridDS;synthetic;300000;50000;25000;0.4;547;30000;8400000;417911996400;503322;4793688;187668314500;59828
AAS1DModeGridDS;synthetic;300000;50000;25000;0.4;547;60000;8400000;417911996400;494440;4793688;187668314500;63980
AAS1DModeGridDS;synthetic;300000;50000;25000;0.4;547;100000;8400000;417911996400;486225;4793688;187668314500;61540
AAS1DModeGridDS;synthetic;300000;50000;25000;0.4;547;250000;8400000;417911996400;482225;4793688;187668314500;59499
AAS1DModeReportDS;synthetic;300000;50000;25000;0.5;547;5;8400000;192767451400;521789;1200000;258200;498
AAS1DModeReportDS;synthetic;300000;50000;25000;0.5;547;10;8400000;192767451400;563371;1200000;258200;519
AAS1DModeReportDS;synthetic;300000;50000;25000;0.5;547;50;8400000;192767451400;516256;1200000;258200;2762
AAS1DModeReportDS;synthetic;300000;50000;25000;0.5;547;100;8400000;192767451400;549522;1200000;258200;6584
AAS1DModeReportDS;synthetic;300000;50000;25000;0.5;547;500;8400000;192767451400;497331;1200000;258200;35285
AAS1DModeReportDS;synthetic;300000;50000;25000;0.5;547;1000;8400000;192767451400;573230;1200000;258200;81192
AAS1DModeReportDS;synthetic;300000;50000;25000;0.5;547;5000;8400000;192767451400;555317;1200000;258200;520412
AAS1DModeReportDS;synthetic;300000;50000;25000;0.5;547;10000;8400000;192767451400;708868;1200000;258200;1118648
AAS1DModeReportDS;synthetic;300000;50000;25000;0.5;547;30000;8400000;192767451400;716310;1200000;258200;3564214
AAS1DModeReportDS;synthetic;300000;50000;25000;0.5;547;60000;8400000;192767451400;694690;1200000;258200;7034796
AAS1DModeReportDS;synthetic;300000;50000;25000;0.5;547;100000;8400000;192767451400;721116;1200000;258200;11683084
AAS1DModeReportDS;synthetic;300000;50000;25000;0.5;547;250000;8400000;192767451400;609328;1200000;258200;27720185
AAS1DModeRangeTreesDS;synthetic;300000;50000;25000;0.5;547;5;8400000;205994935500;491589;1200008;67313900;871672
AAS1DModeRangeTreesDS;synthetic;300000;50000;25000;0.5;547;10;8400000;205994935500;491734;1200008;67313900;863840
AAS1DModeRangeTreesDS;synthetic;300000;50000;25000;0.5;547;50;8400000;205994935500;491838;1200008;67313900;878568
AAS1DModeRangeTreesDS;synthetic;300000;50000;25000;0.5;547;100;8400000;205994935500;536617;1200008;67313900;861235
AAS1DModeRangeTreesDS;synthetic;300000;50000;25000;0.5;547;500;8400000;205994935500;507646;1200008;67313900;857995
AAS1DModeRangeTreesDS;synthetic;300000;50000;25000;0.5;547;1000;8400000;205994935500;522935;1200008;67313900;888767
AAS1DModeRangeTreesDS;synthetic;300000;50000;25000;0.5;547;5000;8400000;205994935500;597297;1200008;67313900;892712
AAS1DModeRangeTreesDS;synthetic;300000;50000;25000;0.5;547;10000;8400000;205994935500;570650;1200008;67313900;1051411
AAS1DModeRangeTreesDS;synthetic;300000;50000;25000;0.5;547;30000;8400000;205994935500;621783;1200008;67313900;1104025
AAS1DModeRangeTreesDS;synthetic;300000;50000;25000;0.5;547;60000;8400000;205994935500;516164;1200008;67313900;1103584
AAS1DModeRangeTreesDS;synthetic;300000;50000;25000;0.5;547;100000;8400000;205994935500;495735;1200008;67313900;1148176
AAS1DModeRangeTreesDS;synthetic;300000;50000;25000;0.5;547;250000;8400000;205994935500;511046;1200008;67313900;909059
AAS1DModeChanDS;synthetic;300000;50000;25000;0.5;547;5;8400000;214945725200;493952;5993688;68653081200;290
AAS1DModeChanDS;synthetic;300000;50000;25000;0.5;547;10;8400000;214945725200;495441;5993688;68653081200;480
AAS1DModeChanDS;synthetic;300000;50000;25000;0.5;547;50;8400000;214945725200;483653;5993688;68653081200;2678
AAS1DModeChanDS;synthetic;300000;50000;25000;0.5;547;100;8400000;214945725200;486659;5993688;68653081200;5770
AAS1DModeChanDS;synthetic;300000;50000;25000;0.5;547;500;8400000;214945725200;487823;5993688;68653081200;35742
AAS1DModeChanDS;synthetic;300000;50000;25000;0.5;547;1000;8400000;214945725200;498894;5993688;68653081200;19924
AAS1DModeChanDS;synthetic;300000;50000;25000;0.5;547;5000;8400000;214945725200;490477;5993688;68653081200;4052
AAS1DModeChanDS;synthetic;300000;50000;25000;0.5;547;10000;8400000;214945725200;498110;5993688;68653081200;4060
AAS1DModeChanDS;synthetic;300000;50000;25000;0.5;547;30000;8400000;214945725200;484377;5993688;68653081200;3982
AAS1DModeChanDS;synthetic;300000;50000;25000;0.5;547;60000;8400000;214945725200;484053;5993688;68653081200;3719
AAS1DModeChanDS;synthetic;300000;50000;25000;0.5;547;100000;8400000;214945725200;486521;5993688;68653081200;3250
AAS1DModeChanDS;synthetic;300000;50000;25000;0.5;547;250000;8400000;214945725200;485492;5993688;68653081200;1527
AAS1DModeGridDS;synthetic;300000;50000;25000;0.5;547;5;8400000;207873543700;487164;4793688;65209428300;269
AAS1DModeGridDS;synthetic;300000;50000;25000;0.5;547;10;8400000;207873543700;482761;4793688;65209428300;489
AAS1DModeGridDS;synthetic;300000;50000;25000;0.5;547;50;8400000;207873543700;504709;4793688;65209428300;2879
AAS1DModeGridDS;synthetic;300000;50000;25000;0.5;547;100;8400000;207873543700;495501;4793688;65209428300;5801
AAS1DModeGridDS;synthetic;300000;50000;25000;0.5;547;500;8400000;207873543700;592096;4793688;65209428300;44372
AAS1DModeGridDS;synthetic;300000;50000;25000;0.5;547;1000;8400000;207873543700;482924;4793688;65209428300;53320
AAS1DModeGridDS;synthetic;300000;50000;25000;0.5;547;5000;8400000;207873543700;484096;4793688;65209428300;54336
AAS1DModeGridDS;synthetic;300000;50000;25000;0.5;547;10000;8400000;207873543700;488012;4793688;65209428300;59431
AAS1DModeGridDS;synthetic;300000;50000;25000;0.5;547;30000;8400000;207873543700;491079;4793688;65209428300;55903
AAS1DModeGridDS;synthetic;300000;50000;25000;0.5;547;60000;8400000;207873543700;536678;4793688;65209428300;57757
AAS1DModeGridDS;synthetic;300000;50000;25000;0.5;547;100000;8400000;207873543700;495409;4793688;65209428300;52978
AAS1DModeGridDS;synthetic;300000;50000;25000;0.5;547;250000;8400000;207873543700;482975;4793688;65209428300;52746
AAS1DModeReportDS;synthetic;300000;50000;25000;0.6;547;5;8400000;205447550700;561287;1200000;327700;398
AAS1DModeReportDS;synthetic;300000;50000;25000;0.6;547;10;8400000;205447550700;546159;1200000;327700;483
AAS1DModeReportDS;synthetic;300000;50000;25000;0.6;547;50;8400000;205447550700;578319;1200000;327700;4156
AAS1DModeReportDS;synthetic;300000;50000;25000;0.6;547;100;8400000;205447550700;545166;1200000;327700;7092
AAS1DModeReportDS;synthetic;300000;50000;25000;0.6;547;500;8400000;205447550700;546953;1200000;327700;39715
AAS1DModeReportDS;synthetic;300000;50000;25000;0.6;547;1000;8400000;205447550700;565025;1200000;327700;75109
AAS1DModeReportDS;synthetic;300000;50000;25000;0.6;547;5000;8400000;205447550700;547917;1200000;327700;431692
AAS1DModeReportDS;synthetic;300000;50000;25000;0.6;547;10000;8400000;205447550700;507888;1200000;327700;862438
AAS1DModeReportDS;synthetic;300000;50000;25000;0.6;547;30000;8400000;205447550700;493759;1200000;327700;2840712
AAS1DModeReportDS;synthetic;300000;50000;25000;0.6;547;60000;8400000;205447550700;491136;1200000;327700;5957583
AAS1DModeReportDS;synthetic;300000;50000;25000;0.6;547;100000;8400000;205447550700;590122;1200000;327700;10476741
AAS1DModeReportDS;synthetic;300000;50000;25000;0.6;547;250000;8400000;205447550700;488915;1200000;327700;25590979
AAS1DModeRangeTreesDS;synthetic;300000;50000;25000;0.6;547;5;8400000;203418872000;515665;1200008;43275800;985996
AAS1DModeRangeTreesDS;synthetic;300000;50000;25000;0.6;547;10;8400000;203418872000;585031;1200008;43275800;993819
AAS1DModeRangeTreesDS;synthetic;300000;50000;25000;0.6;547;50;8400000;203418872000;490485;1200008;43275800;853234
AAS1DModeRangeTreesDS;synthetic;300000;50000;25000;0.6;547;100;8400000;203418872000;490906;1200008;43275800;873986
AAS1DModeRangeTreesDS;synthetic;300000;50000;25000;0.6;547;500;8400000;203418872000;502332;1200008;43275800;852718
AAS1DModeRangeTreesDS;synthetic;300000;50000;25000;0.6;547;1000;8400000;203418872000;489262;1200008;43275800;889042
AAS1DModeRangeTreesDS;synthetic;300000;50000;25000;0.6;547;5000;8400000;203418872000;527472;1200008;43275800;974476
AAS1DModeRangeTreesDS;synthetic;300000;50000;25000;0.6;547;10000;8400000;203418872000;598826;1200008;43275800;1044727
AAS1DModeRangeTreesDS;synthetic;300000;50000;25000;0.6;547;30000;8400000;203418872000;532531;1200008;43275800;976263
AAS1DModeRangeTreesDS;synthetic;300000;50000;25000;0.6;547;60000;8400000;203418872000;488058;1200008;43275800;1064848
AAS1DModeRangeTreesDS;synthetic;300000;50000;25000;0.6;547;100000;8400000;203418872000;489338;1200008;43275800;1108494
AAS1DModeRangeTreesDS;synthetic;300000;50000;25000;0.6;547;250000;8400000;203418872000;485255;1200008;43275800;874114
AAS1DModeChanDS;synthetic;300000;50000;25000;0.6;547;5;8400000;203016220900;485666;5993688;63211447300;232
AAS1DModeChanDS;synthetic;300000;50000;25000;0.6;547;10;8400000;203016220900;493554;5993688;63211447300;436
AAS1DModeChanDS;synthetic;300000;50000;25000;0.6;547;50;8400000;203016220900;503143;5993688;63211447300;2374
AAS1DModeChanDS;synthetic;300000;50000;25000;0.6;547;100;8400000;203016220900;493426;5993688;63211447300;5032
AAS1DModeChanDS;synthetic;300000;50000;25000;0.6;547;500;8400000;203016220900;498771;5993688;63211447300;31309
AAS1DModeChanDS;synthetic;300000;50000;25000;0.6;547;1000;8400000;203016220900;485237;5993688;63211447300;17011
AAS1DModeChanDS;synthetic;300000;50000;25000;0.6;547;5000;8400000;203016220900;506813;5993688;63211447300;3851
AAS1DModeChanDS;synthetic;300000;50000;25000;0.6;547;10000;8400000;203016220900;497451;5993688;63211447300;3684
AAS1DModeChanDS;synthetic;300000;50000;25000;0.6;547;30000;8400000;203016220900;493420;5993688;63211447300;3425
AAS1DModeChanDS;synthetic;300000;50000;25000;0.6;547;60000;8400000;203016220900;494620;5993688;63211447300;4420
AAS1DModeChanDS;synthetic;300000;50000;25000;0.6;547;100000;8400000;203016220900;546468;5993688;63211447300;2774
AAS1DModeChanDS;synthetic;300000;50000;25000;0.6;547;250000;8400000;203016220900;485787;5993688;63211447300;1378
AAS1DModeGridDS;synthetic;300000;50000;25000;0.6;547;5;8400000;208055224200;488027;4793688;59394192600;232
AAS1DModeGridDS;synthetic;300000;50000;25000;0.6;547;10;8400000;208055224200;488621;4793688;59394192600;477
AAS1DModeGridDS;synthetic;300000;50000;25000;0.6;547;50;8400000;208055224200;489192;4793688;59394192600;2416
AAS1DModeGridDS;synthetic;300000;50000;25000;0.6;547;100;8400000;208055224200;535560;4793688;59394192600;4929
AAS1DModeGridDS;synthetic;300000;50000;25000;0.6;547;500;8400000;208055224200;489540;4793688;59394192600;30350
AAS1DModeGridDS;synthetic;300000;50000;25000;0.6;547;1000;8400000;208055224200;487847;4793688;59394192600;45886
AAS1DModeGridDS;synthetic;300000;50000;25000;0.6;547;5000;8400000;208055224200;495380;4793688;59394192600;45276
AAS1DModeGridDS;synthetic;300000;50000;25000;0.6;547;10000;8400000;208055224200;511515;4793688;59394192600;52919
AAS1DModeGridDS;synthetic;300000;50000;25000;0.6;547;30000;8400000;208055224200;517214;4793688;59394192600;63128
AAS1DModeGridDS;synthetic;300000;50000;25000;0.6;547;60000;8400000;208055224200;498946;4793688;59394192600;50079
AAS1DModeGridDS;synthetic;300000;50000;25000;0.6;547;100000;8400000;208055224200;489258;4793688;59394192600;45345
AAS1DModeGridDS;synthetic;300000;50000;25000;0.6;547;250000;8400000;208055224200;512536;4793688;59394192600;43361
AAS1DModeReportDS;synthetic;300000;50000;25000;0.7;547;5;8400000;208860122500;544807;1200000;291800;356
AAS1DModeReportDS;synthetic;300000;50000;25000;0.7;547;10;8400000;208860122500;555729;1200000;291800;606
AAS1DModeReportDS;synthetic;300000;50000;25000;0.7;547;50;8400000;208860122500;562410;1200000;291800;1898
AAS1DModeReportDS;synthetic;300000;50000;25000;0.7;547;100;8400000;208860122500;550499;1200000;291800;6392
AAS1DModeReportDS;synthetic;300000;50000;25000;0.7;547;500;8400000;208860122500;551192;1200000;291800;27452
AAS1DModeReportDS;synthetic;300000;50000;25000;0.7;547;1000;8400000;208860122500;560426;1200000;291800;72765
AAS1DModeReportDS;synthetic;300000;50000;25000;0.7;547;5000;8400000;208860122500;541860;1200000;291800;409439
AAS1DModeReportDS;synthetic;300000;50000;25000;0.7;547;10000;8400000;208860122500;545793;1200000;291800;885603
AAS1DModeReportDS;synthetic;300000;50000;25000;0.7;547;30000;8400000;208860122500;545460;1200000;291800;2419338
AAS1DModeReportDS;synthetic;300000;50000;25000;0.7;547;60000;8400000;208860122500;497256;1200000;291800;5052460
AAS1DModeReportDS;synthetic;300000;50000;25000;0.7;547;100000;8400000;208860122500;487644;1200000;291800;9073506
AAS1DModeReportDS;synthetic;300000;50000;25000;0.7;547;250000;8400000;208860122500;491397;1200000;291800;22001809
AAS1DModeRangeTreesDS;synthetic;300000;50000;25000;0.7;547;5;8400000;207748559500;574781;1200008;41574000;823657
AAS1DModeRangeTreesDS;synthetic;300000;50000;25000;0.7;547;10;8400000;207748559500;485002;1200008;41574000;821913
AAS1DModeRangeTreesDS;synthetic;300000;50000;25000;0.7;547;50;8400000;207748559500;489908;1200008;41574000;816656
AAS1DModeRangeTreesDS;synthetic;300000;50000;25000;0.7;547;100;8400000;207748559500;494560;1200008;41574000;824463
AAS1DModeRangeTreesDS;synthetic;300000;50000;25000;0.7;547;500;8400000;207748559500;484912;1200008;41574000;863223
AAS1DModeRangeTreesDS;synthetic;300000;50000;25000;0.7;547;1000;8400000;207748559500;505919;1200008;41574000;828697
AAS1DModeRangeTreesDS;synthetic;300000;50000;25000;0.7;547;5000;8400000;207748559500;556988;1200008;41574000;960062
AAS1DModeRangeTreesDS;synthetic;300000;50000;25000;0.7;547;10000;8400000;207748559500;551182;1200008;41574000;985532
AAS1DModeRangeTreesDS;synthetic;300000;50000;25000;0.7;547;30000;8400000;207748559500;589283;1200008;41574000;1054734
AAS1DModeRangeTreesDS;synthetic;300000;50000;25000;0.7;547;60000;8400000;207748559500;580546;1200008;41574000;1078363
AAS1DModeRangeTreesDS;synthetic;300000;50000;25000;0.7;547;100000;8400000;207748559500;489187;1200008;41574000;1154359
AAS1DModeRangeTreesDS;synthetic;300000;50000;25000;0.7;547;250000;8400000;207748559500;579664;1200008;41574000;948632
AAS1DModeChanDS;synthetic;300000;50000;25000;0.7;547;5;8400000;212371980300;491101;5993688;54583901100;211
AAS1DModeChanDS;synthetic;300000;50000;25000;0.7;547;10;8400000;212371980300;500025;5993688;54583901100;355
AAS1DModeChanDS;synthetic;300000;50000;25000;0.7;547;50;8400000;212371980300;482751;5993688;54583901100;1895
AAS1DModeChanDS;synthetic;300000;50000;25000;0.7;547;100;8400000;212371980300;497238;5993688;54583901100;4123
AAS1DModeChanDS;synthetic;300000;50000;25000;0.7;547;500;8400000;212371980300;484185;5993688;54583901100;25756
AAS1DModeChanDS;synthetic;300000;50000;25000;0.7;547;1000;8400000;212371980300;488842;5993688;54583901100;14985
AAS1DModeChanDS;synthetic;300000;50000;25000;0.7;547;5000;8400000;212371980300;518751;5993688;54583901100;3113
AAS1DModeChanDS;synthetic;300000;50000;25000;0.7;547;10000;8400000;212371980300;500889;5993688;54583901100;3051
AAS1DModeChanDS;synthetic;300000;50000;25000;0.7;547;30000;8400000;212371980300;495063;5993688;54583901100;2932
AAS1DModeChanDS;synthetic;300000;50000;25000;0.7;547;60000;8400000;212371980300;497994;5993688;54583901100;2764
AAS1DModeChanDS;synthetic;300000;50000;25000;0.7;547;100000;8400000;212371980300;491140;5993688;54583901100;2319
AAS1DModeChanDS;synthetic;300000;50000;25000;0.7;547;250000;8400000;212371980300;489270;5993688;54583901100;1293
AAS1DModeGridDS;synthetic;300000;50000;25000;0.7;547;5;8400000;202252848400;492910;4793688;57852248000;219
AAS1DModeGridDS;synthetic;300000;50000;25000;0.7;547;10;8400000;202252848400;504024;4793688;57852248000;385
AAS1DModeGridDS;synthetic;300000;50000;25000;0.7;547;50;8400000;202252848400;511810;4793688;57852248000;1899
AAS1DModeGridDS;synthetic;300000;50000;25000;0.7;547;100;8400000;202252848400;492011;4793688;57852248000;4130
AAS1DModeGridDS;synthetic;300000;50000;25000;0.7;547;500;8400000;202252848400;496735;4793688;57852248000;26530
AAS1DModeGridDS;synthetic;300000;50000;25000;0.7;547;1000;8400000;202252848400;499555;4793688;57852248000;42152
AAS1DModeGridDS;synthetic;300000;50000;25000;0.7;547;5000;8400000;202252848400;590742;4793688;57852248000;50508
AAS1DModeGridDS;synthetic;300000;50000;25000;0.7;547;10000;8400000;202252848400;582375;4793688;57852248000;48820
AAS1DModeGridDS;synthetic;300000;50000;25000;0.7;547;30000;8400000;202252848400;557211;4793688;57852248000;44140
AAS1DModeGridDS;synthetic;300000;50000;25000;0.7;547;60000;8400000;202252848400;542632;4793688;57852248000;50428
AAS1DModeGridDS;synthetic;300000;50000;25000;0.7;547;100000;8400000;202252848400;545867;4793688;57852248000;38501
AAS1DModeGridDS;synthetic;300000;50000;25000;0.7;547;250000;8400000;202252848400;557224;4793688;57852248000;39211
AAS1DModeReportDS;synthetic;300000;50000;25000;0.8;547;5;8400000;202281757400;499825;1200000;314300;188
AAS1DModeReportDS;synthetic;300000;50000;25000;0.8;547;10;8400000;202281757400;501182;1200000;314300;291
AAS1DModeReportDS;synthetic;300000;50000;25000;0.8;547;50;8400000;202281757400;500533;1200000;314300;1491
AAS1DModeReportDS;synthetic;300000;50000;25000;0.8;547;100;8400000;202281757400;574862;1200000;314300;3290
AAS1DModeReportDS;synthetic;300000;50000;25000;0.8;547;500;8400000;202281757400;610910;1200000;314300;26297
AAS1DModeReportDS;synthetic;300000;50000;25000;0.8;547;1000;8400000;202281757400;550147;1200000;314300;59150
AAS1DModeReportDS;synthetic;300000;50000;25000;0.8;547;5000;8400000;202281757400;557716;1200000;314300;326804
AAS1DModeReportDS;synthetic;300000;50000;25000;0.8;547;10000;8400000;202281757400;556913;1200000;314300;768904
AAS1DModeReportDS;synthetic;300000;50000;25000;0.8;547;30000;8400000;202281757400;564627;1200000;314300;2053750
AAS1DModeReportDS;synthetic;300000;50000;25000;0.8;547;60000;8400000;202281757400;524181;1200000;314300;4219233
AAS1DModeReportDS;synthetic;300000;50000;25000;0.8;547;100000;8400000;202281757400;492906;1200000;314300;7832587
AAS1DModeReportDS;synthetic;300000;50000;25000;0.8;547;250000;8400000;202281757400;546500;1200000;314300;19226163
AAS1DModeRangeTreesDS;synthetic;300000;50000;25000;0.8;547;5;8400000;204730334100;587852;1200008;35558900;873589
AAS1DModeRangeTreesDS;synthetic;300000;50000;25000;0.8;547;10;8400000;204730334100;549666;1200008;35558900;860276
AAS1DModeRangeTreesDS;synthetic;300000;50000;25000;0.8;547;50;8400000;204730334100;549906;1200008;35558900;848599
AAS1DModeRangeTreesDS;synthetic;300000;50000;25000;0.8;547;100;8400000;204730334100;491197;1200008;35558900;763205
AAS1DModeRangeTreesDS;synthetic;300000;50000;25000;0.8;547;500;8400000;204730334100;496358;1200008;35558900;761609
AAS1DModeRangeTreesDS;synthetic;300000;50000;25000;0.8;547;1000;8400000;204730334100;497865;1200008;35558900;769776
AAS1DModeRangeTreesDS;synthetic;300000;50000;25000;0.8;547;5000;8400000;204730334100;505482;1200008;35558900;762974
AAS1DModeRangeTreesDS;synthetic;300000;50000;25000;0.8;547;10000;8400000;204730334100;488416;1200008;35558900;781272
AAS1DModeRangeTreesDS;synthetic;300000;50000;25000;0.8;547;30000;8400000;204730334100;492250;1200008;35558900;848004
AAS1DModeRangeTreesDS;synthetic;300000;50000;25000;0.8;547;60000;8400000;204730334100;510179;1200008;35558900;909875
AAS1DModeRangeTreesDS;synthetic;300000;50000;25000;0.8;547;100000;8400000;204730334100;490870;1200008;35558900;1057802
AAS1DModeRangeTreesDS;synthetic;300000;50000;25000;0.8;547;250000;8400000;204730334100;578669;1200008;35558900;861534
AAS1DModeChanDS;synthetic;300000;50000;25000;0.8;547;5;8400000;210928553600;491205;5993688;46674342400;193
AAS1DModeChanDS;synthetic;300000;50000;25000;0.8;547;10;8400000;210928553600;494872;5993688;46674342400;321
AAS1DModeChanDS;synthetic;300000;50000;25000;0.8;547;50;8400000;210928553600;501852;5993688;46674342400;1618
AAS1DModeChanDS;synthetic;300000;50000;25000;0.8;547;100;8400000;210928553600;486087;5993688;46674342400;3499
AAS1DModeChanDS;synthetic;300000;50000;25000;0.8;547;500;8400000;210928553600;488459;5993688;46674342400;22723
AAS1DModeChanDS;synthetic;300000;50000;25000;0.8;547;1000;8400000;210928553600;511711;5993688;46674342400;12097
AAS1DModeChanDS;synthetic;300000;50000;25000;0.8;547;5000;8400000;210928553600;531298;5993688;46674342400;2562
AAS1DModeChanDS;synthetic;300000;50000;25000;0.8;547;10000;8400000;210928553600;494919;5993688;46674342400;2550
AAS1DModeChanDS;synthetic;300000;50000;25000;0.8;547;30000;8400000;210928553600;502286;5993688;46674342400;2450
AAS1DModeChanDS;synthetic;300000;50000;25000;0.8;547;60000;8400000;210928553600;501652;5993688;46674342400;2375
AAS1DModeChanDS;synthetic;300000;50000;25000;0.8;547;100000;8400000;210928553600;520195;5993688;46674342400;2061
AAS1DModeChanDS;synthetic;300000;50000;25000;0.8;547;250000;8400000;210928553600;494844;5993688;46674342400;1212
AAS1DModeGridDS;synthetic;300000;50000;25000;0.8;547;5;8400000;200070770600;495351;4793688;44219979200;186
AAS1DModeGridDS;synthetic;300000;50000;25000;0.8;547;10;8400000;200070770600;491510;4793688;44219979200;313
AAS1DModeGridDS;synthetic;300000;50000;25000;0.8;547;50;8400000;200070770600;540303;4793688;44219979200;1533
AAS1DModeGridDS;synthetic;300000;50000;25000;0.8;547;100;8400000;200070770600;575334;4793688;44219979200;4488
AAS1DModeGridDS;synthetic;300000;50000;25000;0.8;547;500;8400000;200070770600;612544;4793688;44219979200;21430
AAS1DModeGridDS;synthetic;300000;50000;25000;0.8;547;1000;8400000;200070770600;596837;4793688;44219979200;33289
AAS1DModeGridDS;synthetic;300000;50000;25000;0.8;547;5000;8400000;200070770600;572814;4793688;44219979200;31645
AAS1DModeGridDS;synthetic;300000;50000;25000;0.8;547;10000;8400000;200070770600;519553;4793688;44219979200;31474
AAS1DModeGridDS;synthetic;300000;50000;25000;0.8;547;30000;8400000;200070770600;493032;4793688;44219979200;32319
AAS1DModeGridDS;synthetic;300000;50000;25000;0.8;547;60000;8400000;200070770600;501043;4793688;44219979200;30945
AAS1DModeGridDS;synthetic;300000;50000;25000;0.8;547;100000;8400000;200070770600;492763;4793688;44219979200;28555
AAS1DModeGridDS;synthetic;300000;50000;25000;0.8;547;250000;8400000;200070770600;492530;4793688;44219979200;26992
AAS1DModeReportDS;synthetic;300000;50000;25000;0.9;547;5;8400000;202866169900;567570;1200000;548900;170
AAS1DModeReportDS;synthetic;300000;50000;25000;0.9;547;10;8400000;202866169900;543299;1200000;548900;426
AAS1DModeReportDS;synthetic;300000;50000;25000;0.9;547;50;8400000;202866169900;548303;1200000;548900;1197
AAS1DModeReportDS;synthetic;300000;50000;25000;0.9;547;100;8400000;202866169900;546772;1200000;548900;3034
AAS1DModeReportDS;synthetic;300000;50000;25000;0.9;547;500;8400000;202866169900;551065;1200000;548900;18532
AAS1DModeReportDS;synthetic;300000;50000;25000;0.9;547;1000;8400000;202866169900;539156;1200000;548900;50781
AAS1DModeReportDS;synthetic;300000;50000;25000;0.9;547;5000;8400000;202866169900;492671;1200000;548900;221379
AAS1DModeReportDS;synthetic;300000;50000;25000;0.9;547;10000;8400000;202866169900;517947;1200000;548900;483364
AAS1DModeReportDS;synthetic;300000;50000;25000;0.9;547;30000;8400000;202866169900;490693;1200000;548900;1646281
AAS1DModeReportDS;synthetic;300000;50000;25000;0.9;547;60000;8400000;202866169900;485948;1200000;548900;3528313
AAS1DModeReportDS;synthetic;300000;50000;25000;0.9;547;100000;8400000;202866169900;507842;1200000;548900;6771408
AAS1DModeReportDS;synthetic;300000;50000;25000;0.9;547;250000;8400000;202866169900;549387;1200000;548900;17563682
AAS1DModeRangeTreesDS;synthetic;300000;50000;25000;0.9;547;5;8400000;199519440500;516782;1200008;29340900;744628
AAS1DModeRangeTreesDS;synthetic;300000;50000;25000;0.9;547;10;8400000;199519440500;611333;1200008;29340900;760889
AAS1DModeRangeTreesDS;synthetic;300000;50000;25000;0.9;547;50;8400000;199519440500;564268;1200008;29340900;766678
AAS1DModeRangeTreesDS;synthetic;300000;50000;25000;0.9;547;100;8400000;199519440500;552854;1200008;29340900;755139
AAS1DModeRangeTreesDS;synthetic;300000;50000;25000;0.9;547;500;8400000;199519440500;556764;1200008;29340900;764424
AAS1DModeRangeTreesDS;synthetic;300000;50000;25000;0.9;547;1000;8400000;199519440500;555843;1200008;29340900;766872
AAS1DModeRangeTreesDS;synthetic;300000;50000;25000;0.9;547;5000;8400000;199519440500;559062;1200008;29340900;681135
AAS1DModeRangeTreesDS;synthetic;300000;50000;25000;0.9;547;10000;8400000;199519440500;495752;1200008;29340900;677176
AAS1DModeRangeTreesDS;synthetic;300000;50000;25000;0.9;547;30000;8400000;199519440500;498578;1200008;29340900;720539
AAS1DModeRangeTreesDS;synthetic;300000;50000;25000;0.9;547;60000;8400000;199519440500;495191;1200008;29340900;780282
AAS1DModeRangeTreesDS;synthetic;300000;50000;25000;0.9;547;100000;8400000;199519440500;499332;1200008;29340900;822273
AAS1DModeRangeTreesDS;synthetic;300000;50000;25000;0.9;547;250000;8400000;199519440500;512501;1200008;29340900;647931
AAS1DModeChanDS;synthetic;300000;50000;25000;0.9;547;5;8400000;203807480500;547097;5993688;43475199500;158
AAS1DModeChanDS;synthetic;300000;50000;25000;0.9;547;10;8400000;203807480500;576503;5993688;43475199500;426
AAS1DModeChanDS;synthetic;300000;50000;25000;0.9;547;50;8400000;203807480500;554631;5993688;43475199500;1126
AAS1DModeChanDS;synthetic;300000;50000;25000;0.9;547;100;8400000;203807480500;546924;5993688;43475199500;3447
AAS1DModeChanDS;synthetic;300000;50000;25000;0.9;547;500;8400000;203807480500;568822;5993688;43475199500;22303
AAS1DModeChanDS;synthetic;300000;50000;25000;0.9;547;1000;8400000;203807480500;512993;5993688;43475199500;9845
AAS1DModeChanDS;synthetic;300000;50000;25000;0.9;547;5000;8400000;203807480500;508349;5993688;43475199500;2269
AAS1DModeChanDS;synthetic;300000;50000;25000;0.9;547;10000;8400000;203807480500;489599;5993688;43475199500;2134
AAS1DModeChanDS;synthetic;300000;50000;25000;0.9;547;30000;8400000;203807480500;488285;5993688;43475199500;1980
AAS1DModeChanDS;synthetic;300000;50000;25000;0.9;547;60000;8400000;203807480500;487213;5993688;43475199500;1933
AAS1DModeChanDS;synthetic;300000;50000;25000;0.9;547;100000;8400000;203807480500;490126;5993688;43475199500;1711
AAS1DModeChanDS;synthetic;300000;50000;25000;0.9;547;250000;8400000;203807480500;484821;5993688;43475199500;1135
AAS1DModeGridDS;synthetic;300000;50000;25000;0.9;547;5;8400000;217632105100;504071;4793688;38787665100;164
AAS1DModeGridDS;synthetic;300000;50000;25000;0.9;547;10;8400000;217632105100;500978;4793688;38787665100;246
AAS1DModeGridDS;synthetic;300000;50000;25000;0.9;547;50;8400000;217632105100;480679;4793688;38787665100;1151
AAS1DModeGridDS;synthetic;300000;50000;25000;0.9;547;100;8400000;217632105100;488738;4793688;38787665100;2494
AAS1DModeGridDS;synthetic;300000;50000;25000;0.9;547;500;8400000;217632105100;490151;4793688;38787665100;16114
AAS1DModeGridDS;synthetic;300000;50000;25000;0.9;547;1000;8400000;217632105100;483284;4793688;38787665100;23436
AAS1DModeGridDS;synthetic;300000;50000;25000;0.9;547;5000;8400000;217632105100;483542;4793688;38787665100;23725
AAS1DModeGridDS;synthetic;300000;50000;25000;0.9;547;10000;8400000;217632105100;495711;4793688;38787665100;24873
AAS1DModeGridDS;synthetic;300000;50000;25000;0.9;547;30000;8400000;217632105100;496101;4793688;38787665100;22571
AAS1DModeGridDS;synthetic;300000;50000;25000;0.9;547;60000;8400000;217632105100;486589;4793688;38787665100;23265
AAS1DModeGridDS;synthetic;300000;50000;25000;0.9;547;100000;8400000;217632105100;491174;4793688;38787665100;21084
AAS1DModeGridDS;synthetic;300000;50000;25000;0.9;547;250000;8400000;217632105100;486008;4793688;38787665100;14856
AAS1DModeReportDS;synthetic;300000;50000;25000;1;547;5;8400000;205261276600;484643;1200000;325700;149
AAS1DModeReportDS;synthetic;300000;50000;25000;1;547;10;8400000;205261276600;488424;1200000;325700;210
AAS1DModeReportDS;synthetic;300000;50000;25000;1;547;50;8400000;205261276600;489447;1200000;325700;927
AAS1DModeReportDS;synthetic;300000;50000;25000;1;547;100;8400000;205261276600;503555;1200000;325700;2424
AAS1DModeReportDS;synthetic;300000;50000;25000;1;547;500;8400000;205261276600;501810;1200000;325700;13995
AAS1DModeReportDS;synthetic;300000;50000;25000;1;547;1000;8400000;205261276600;485860;1200000;325700;31388
AAS1DModeReportDS;synthetic;300000;50000;25000;1;547;5000;8400000;205261276600;483296;1200000;325700;190391
AAS1DModeReportDS;synthetic;300000;50000;25000;1;547;10000;8400000;205261276600;563397;1200000;325700;497726
AAS1DModeReportDS;synthetic;300000;50000;25000;1;547;30000;8400000;205261276600;597451;1200000;325700;1547409
AAS1DModeReportDS;synthetic;300000;50000;25000;1;547;60000;8400000;205261276600;490811;1200000;325700;3003857
AAS1DModeReportDS;synthetic;300000;50000;25000;1;547;100000;8400000;205261276600;489440;1200000;325700;5270731
AAS1DModeReportDS;synthetic;300000;50000;25000;1;547;250000;8400000;205261276600;560767;1200000;325700;15374931
AAS1DModeRangeTreesDS;synthetic;300000;50000;25000;1;547;5;8400000;203345062900;518510;1200008;33304600;605018
AAS1DModeRangeTreesDS;synthetic;300000;50000;25000;1;547;10;8400000;203345062900;486346;1200008;33304600;607169
AAS1DModeRangeTreesDS;synthetic;300000;50000;25000;1;547;50;8400000;203345062900;495468;1200008;33304600;594956
AAS1DModeRangeTreesDS;synthetic;300000;50000;25000;1;547;100;8400000;203345062900;514172;1200008;33304600;590129
AAS1DModeRangeTreesDS;synthetic;300000;50000;25000;1;547;500;8400000;203345062900;520704;1200008;33304600;711489
AAS1DModeRangeTreesDS;synthetic;300000;50000;25000;1;547;1000;8400000;203345062900;570090;1200008;33304600;687653
AAS1DModeRangeTreesDS;synthetic;300000;50000;25000;1;547;5000;8400000;203345062900;545097;1200008;33304600;703016
AAS1DModeRangeTreesDS;synthetic;300000;50000;25000;1;547;10000;8400000;203345062900;550423;1200008;33304600;730054
AAS1DModeRangeTreesDS;synthetic;300000;50000;25000;1;547;30000;8400000;203345062900;564887;1200008;33304600;762654
AAS1DModeRangeTreesDS;synthetic;300000;50000;25000;1;547;60000;8400000;203345062900;556533;1200008;33304600;689798
AAS1DModeRangeTreesDS;synthetic;300000;50000;25000;1;547;100000;8400000;203345062900;497065;1200008;33304600;726392
AAS1DModeRangeTreesDS;synthetic;300000;50000;25000;1;547;250000;8400000;203345062900;486645;1200008;33304600;585703
AAS1DModeChanDS;synthetic;300000;50000;25000;1;547;5;8400000;203871503600;507729;5993688;33144971100;146
AAS1DModeChanDS;synthetic;300000;50000;25000;1;547;10;8400000;203871503600;483851;5993688;33144971100;230
AAS1DModeChanDS;synthetic;300000;50000;25000;1;547;50;8400000;203871503600;501143;5993688;33144971100;1011
AAS1DModeChanDS;synthetic;300000;50000;25000;1;547;100;8400000;203871503600;514981;5993688;33144971100;2060
AAS1DModeChanDS;synthetic;300000;50000;25000;1;547;500;8400000;203871503600;512533;5993688;33144971100;15049
AAS1DModeChanDS;synthetic;300000;50000;25000;1;547;1000;8400000;203871503600;554947;5993688;33144971100;9213
AAS1DModeChanDS;synthetic;300000;50000;25000;1;547;5000;8400000;203871503600;561974;5993688;33144971100;1896
AAS1DModeChanDS;synthetic;300000;50000;25000;1;547;10000;8400000;203871503600;530035;5993688;33144971100;3039
AAS1DModeChanDS;synthetic;300000;50000;25000;1;547;30000;8400000;203871503600;533933;5993688;33144971100;1825
AAS1DModeChanDS;synthetic;300000;50000;25000;1;547;60000;8400000;203871503600;542871;5993688;33144971100;1821
AAS1DModeChanDS;synthetic;300000;50000;25000;1;547;100000;8400000;203871503600;511210;5993688;33144971100;1555
AAS1DModeChanDS;synthetic;300000;50000;25000;1;547;250000;8400000;203871503600;487845;5993688;33144971100;1132
AAS1DModeGridDS;synthetic;300000;50000;25000;1;547;5;8400000;207810493000;490706;4793688;34161331100;153
AAS1DModeGridDS;synthetic;300000;50000;25000;1;547;10;8400000;207810493000;497506;4793688;34161331100;220
AAS1DModeGridDS;synthetic;300000;50000;25000;1;547;50;8400000;207810493000;494675;4793688;34161331100;950
AAS1DModeGridDS;synthetic;300000;50000;25000;1;547;100;8400000;207810493000;486609;4793688;34161331100;2271
AAS1DModeGridDS;synthetic;300000;50000;25000;1;547;500;8400000;207810493000;506389;4793688;34161331100;14191
AAS1DModeGridDS;synthetic;300000;50000;25000;1;547;1000;8400000;207810493000;490441;4793688;34161331100;18639
AAS1DModeGridDS;synthetic;300000;50000;25000;1;547;5000;8400000;207810493000;492750;4793688;34161331100;18605
AAS1DModeGridDS;synthetic;300000;50000;25000;1;547;10000;8400000;207810493000;504372;4793688;34161331100;18721
AAS1DModeGridDS;synthetic;300000;50000;25000;1;547;30000;8400000;207810493000;558923;4793688;34161331100;28979
AAS1DModeGridDS;synthetic;300000;50000;25000;1;547;60000;8400000;207810493000;600127;4793688;34161331100;25209
AAS1DModeGridDS;synthetic;300000;50000;25000;1;547;100000;8400000;207810493000;563599;4793688;34161331100;16992
AAS1DModeGridDS;synthetic;300000;50000;25000;1;547;250000;8400000;207810493000;616993;4793688;34161331100;21635
AAS1DModeArrangementDS;synthetic;30000;5000;2500;0;173;5;840000;3301200600;147364;64539756;162960503800;27327
AAS1DModeArrangementDS;synthetic;30000;5000;2500;0;173;10;840000;3301200600;158001;64539756;162960503800;36543
AAS1DModeArrangementDS;synthetic;30000;5000;2500;0;173;50;840000;3301200600;150740;64539756;162960503800;34227
AAS1DModeArrangementDS;synthetic;30000;5000;2500;0;173;100;840000;3301200600;152954;64539756;162960503800;49227
AAS1DModeArrangementDS;synthetic;30000;5000;2500;0;173;500;840000;3301200600;177248;64539756;162960503800;64771
AAS1DModeArrangementDS;synthetic;30000;5000;2500;0;173;1000;840000;3301200600;176188;64539756;162960503800;60965
AAS1DModeArrangementDS;synthetic;30000;5000;2500;0;173;5000;840000;3301200600;177452;64539756;162960503800;57315
AAS1DModeArrangementDS;synthetic;30000;5000;2500;0;173;10000;840000;3301200600;180061;64539756;162960503800;48820
AAS1DModeArrangementDS;synthetic;30000;5000;2500;0;173;30000;840000;3301200600;188190;64539756;162960503800;29459
AAS1DModeArrangementDS;synthetic;30000;5000;2500;0.1;173;5;840000;4916724500;409632;64771172;1735953157400;81542
AAS1DModeArrangementDS;synthetic;30000;5000;2500;0.1;173;10;840000;4916724500;422086;64771172;1735953157400;78178
AAS1DModeArrangementDS;synthetic;30000;5000;2500;0.1;173;50;840000;4916724500;409752;64771172;1735953157400;81849
AAS1DModeArrangementDS;synthetic;30000;5000;2500;0.1;173;100;840000;4916724500;376312;64771172;1735953157400;84625
AAS1DModeArrangementDS;synthetic;30000;5000;2500;0.1;173;500;840000;4916724500;409038;64771172;1735953157400;104712
AAS1DModeArrangementDS;synthetic;30000;5000;2500;0.1;173;1000;840000;4916724500;385915;64771172;1735953157400;95644
AAS1DModeArrangementDS;synthetic;30000;5000;2500;0.1;173;5000;840000;4916724500;392282;64771172;1735953157400;101261
AAS1DModeArrangementDS;synthetic;30000;5000;2500;0.1;173;10000;840000;4916724500;405244;64771172;1735953157400;109772
AAS1DModeArrangementDS;synthetic;30000;5000;2500;0.1;173;30000;840000;4916724500;401038;64771172;1735953157400;28516
synthetic;30000;5000;2500;0.2;173;5ERROR
synthetic;30000;5000;2500;0.2;173;10ERROR
synthetic;30000;5000;2500;0.2;173;50ERROR
synthetic;30000;5000;2500;0.2;173;100ERROR
synthetic;30000;5000;2500;0.2;173;500ERROR
synthetic;30000;5000;2500;0.2;173;1000ERROR
synthetic;30000;5000;2500;0.2;173;5000ERROR
synthetic;30000;5000;2500;0.2;173;10000ERROR
synthetic;30000;5000;2500;0.2;173;30000ERROR
synthetic;30000;5000;2500;0.3;173;5ERROR
synthetic;30000;5000;2500;0.3;173;10ERROR
synthetic;30000;5000;2500;0.3;173;50ERROR
synthetic;30000;5000;2500;0.3;173;100ERROR
synthetic;30000;5000;2500;0.3;173;500ERROR
synthetic;30000;5000;2500;0.3;173;1000ERROR
synthetic;30000;5000;2500;0.3;173;5000ERROR
synthetic;30000;5000;2500;0.3;173;10000ERROR
synthetic;30000;5000;2500;0.3;173;30000ERROR
synthetic;30000;5000;2500;0.4;173;5ERROR
synthetic;30000;5000;2500;0.4;173;10ERROR
synthetic;30000;5000;2500;0.4;173;50ERROR
synthetic;30000;5000;2500;0.4;173;100ERROR
synthetic;30000;5000;2500;0.4;173;500ERROR
synthetic;30000;5000;2500;0.4;173;1000ERROR
synthetic;30000;5000;2500;0.4;173;5000ERROR
synthetic;30000;5000;2500;0.4;173;10000ERROR
synthetic;30000;5000;2500;0.4;173;30000ERROR
AAS1DModeArrangementDS;synthetic;30000;5000;2500;0.5;173;5;840000;9936574100;332007;65270036;239512783300;45131
AAS1DModeArrangementDS;synthetic;30000;5000;2500;0.5;173;10;840000;9936574100;335705;65270036;239512783300;44047
AAS1DModeArrangementDS;synthetic;30000;5000;2500;0.5;173;50;840000;9936574100;313842;65270036;239512783300;56268
AAS1DModeArrangementDS;synthetic;30000;5000;2500;0.5;173;100;840000;9936574100;345841;65270036;239512783300;61726
AAS1DModeArrangementDS;synthetic;30000;5000;2500;0.5;173;500;840000;9936574100;414842;65270036;239512783300;69902
AAS1DModeArrangementDS;synthetic;30000;5000;2500;0.5;173;1000;840000;9936574100;423707;65270036;239512783300;75817
AAS1DModeArrangementDS;synthetic;30000;5000;2500;0.5;173;5000;840000;9936574100;404176;65270036;239512783300;64156
AAS1DModeArrangementDS;synthetic;30000;5000;2500;0.5;173;10000;840000;9936574100;403184;65270036;239512783300;55798
AAS1DModeArrangementDS;synthetic;30000;5000;2500;0.5;173;30000;840000;9936574100;421966;65270036;239512783300;12589
AAS1DModeArrangementDS;synthetic;30000;5000;2500;0.6;173;5;840000;10370174000;386755;59969188;1999906156600;37991
AAS1DModeArrangementDS;synthetic;30000;5000;2500;0.6;173;10;840000;10370174000;375385;59969188;1999906156600;39458
AAS1DModeArrangementDS;synthetic;30000;5000;2500;0.6;173;50;840000;10370174000;388455;59969188;1999906156600;57451
AAS1DModeArrangementDS;synthetic;30000;5000;2500;0.6;173;100;840000;10370174000;233276;59969188;1999906156600;49341
AAS1DModeArrangementDS;synthetic;30000;5000;2500;0.6;173;500;840000;10370174000;372598;59969188;1999906156600;60546
AAS1DModeArrangementDS;synthetic;30000;5000;2500;0.6;173;1000;840000;10370174000;391367;59969188;1999906156600;64037
AAS1DModeArrangementDS;synthetic;30000;5000;2500;0.6;173;5000;840000;10370174000;383738;59969188;1999906156600;58542
AAS1DModeArrangementDS;synthetic;30000;5000;2500;0.6;173;10000;840000;10370174000;387269;59969188;1999906156600;45741
AAS1DModeArrangementDS;synthetic;30000;5000;2500;0.6;173;30000;840000;10370174000;371062;59969188;1999906156600;23105
AAS1DModeArrangementDS;synthetic;30000;5000;2500;0.7;173;5;840000;9170096300;383962;62529444;414573069200;35487
AAS1DModeArrangementDS;synthetic;30000;5000;2500;0.7;173;10;840000;9170096300;367580;62529444;414573069200;51704
AAS1DModeArrangementDS;synthetic;30000;5000;2500;0.7;173;50;840000;9170096300;412228;62529444;414573069200;61506
AAS1DModeArrangementDS;synthetic;30000;5000;2500;0.7;173;100;840000;9170096300;401971;62529444;414573069200;74187
AAS1DModeArrangementDS;synthetic;30000;5000;2500;0.7;173;500;840000;9170096300;394132;62529444;414573069200;72297
AAS1DModeArrangementDS;synthetic;30000;5000;2500;0.7;173;1000;840000;9170096300;395886;62529444;414573069200;65579
AAS1DModeArrangementDS;synthetic;30000;5000;2500;0.7;173;5000;840000;9170096300;394106;62529444;414573069200;71404
AAS1DModeArrangementDS;synthetic;30000;5000;2500;0.7;173;10000;840000;9170096300;390325;62529444;414573069200;57664
AAS1DModeArrangementDS;synthetic;30000;5000;2500;0.7;173;30000;840000;9170096300;398784;62529444;414573069200;18288
synthetic;30000;5000;2500;0.8;173;5ERROR
synthetic;30000;5000;2500;0.8;173;10ERROR
synthetic;30000;5000;2500;0.8;173;50ERROR
synthetic;30000;5000;2500;0.8;173;100ERROR
synthetic;30000;5000;2500;0.8;173;500ERROR
synthetic;30000;5000;2500;0.8;173;1000ERROR
synthetic;30000;5000;2500;0.8;173;5000ERROR
synthetic;30000;5000;2500;0.8;173;10000ERROR
synthetic;30000;5000;2500;0.8;173;30000ERROR
synthetic;30000;5000;2500;0.9;173;5ERROR
synthetic;30000;5000;2500;0.9;173;10ERROR
synthetic;30000;5000;2500;0.9;173;50ERROR
synthetic;30000;5000;2500;0.9;173;100ERROR
synthetic;30000;5000;2500;0.9;173;500ERROR
synthetic;30000;5000;2500;0.9;173;1000ERROR
synthetic;30000;5000;2500;0.9;173;5000ERROR
synthetic;30000;5000;2500;0.9;173;10000ERROR
synthetic;30000;5000;2500;0.9;173;30000ERROR
AAS1DModeArrangementDS;synthetic;30000;5000;2500;1;173;5;840000;11739412700;286776;60373036;552400024000;31350
AAS1DModeArrangementDS;synthetic;30000;5000;2500;1;173;10;840000;11739412700;279594;60373036;552400024000;32405
AAS1DModeArrangementDS;synthetic;30000;5000;2500;1;173;50;840000;11739412700;280403;60373036;552400024000;38829
AAS1DModeArrangementDS;synthetic;30000;5000;2500;1;173;100;840000;11739412700;283059;60373036;552400024000;38558
AAS1DModeArrangementDS;synthetic;30000;5000;2500;1;173;500;840000;11739412700;289338;60373036;552400024000;43984
AAS1DModeArrangementDS;synthetic;30000;5000;2500;1;173;1000;840000;11739412700;279933;60373036;552400024000;47761
AAS1DModeArrangementDS;synthetic;30000;5000;2500;1;173;5000;840000;11739412700;286904;60373036;552400024000;47173
AAS1DModeArrangementDS;synthetic;30000;5000;2500;1;173;10000;840000;11739412700;280238;60373036;552400024000;37119
AAS1DModeArrangementDS;synthetic;30000;5000;2500;1;173;30000;840000;11739412700;272140;60373036;552400024000;17917
